X1,X2,X3,X4,X5,X6,X7,X8,X9,X10,X11,X12,X13,X14,X15,X16,X17,X18,X19,X20,X21,X22,X23,X24,X25,X26,X27,X28,X29,X30,X31,X32,X33,X34,X35,X36,X37,X38,X39,X40,X41,X42,X43,X46,X47,X48,X49,X50,X51,X52,X53,X54,X55,X56,X57,X58,X59,X60,X61
0.809,0.26,0.367,0.367,0.1,0.1,0.1,0.1,0.5,0.1,0.1,0.26,0.1,0.1,0.1,0.1,0.1,0.1,0.1,0.1,0.1,0.9,0.633,0.1,0.1,0.1,0.1,0.9,0.9,0.633,0.9,0.3,0.1,0.1,0.1,0.1,0.1,0.1,0.1,0.1,0.1,0.1,0.1,0.1,0.1,0.1,0.1,0.1,0.1,0.1,0.1,0.1,0.1,0.1,0.1,0.1,0.1,0.1,0.1
0.602,0.26,0.5,0.5,0.1,0.367,0.1,0.1,0.5,0.1,0.5,0.1,0.1,0.1,0.1,0.1,0.1,0.1,0.1,0.1,0.1,0.1,0.1,0.1,0.1,0.1,0.1,0.1,0.1,0.1,0.1,0.1,0.1,0.1,0.1,0.1,0.1,0.1,0.1,0.1,0.1,0.1,0.1,0.1,0.1,0.1,0.1,0.1,0.1,0.1,0.1,0.1,0.1,0.1,0.1,0.1,0.1,0.1,0.1
0.442,0.26,0.1,0.1,0.1,0.1,0.1,0.1,0.1,0.1,0.1,0.1,0.1,0.1,0.1,0.1,0.1,0.1,0.1,0.1,0.1,0.1,0.1,0.1,0.1,0.1,0.1,0.1,0.1,0.1,0.1,0.5,0.8,0.214,0.5,0.633,0.5,0.1,0.5,0.367,0.9,0.3,0.1,0.1,0.1,0.1,0.1,0.1,0.1,0.9,0.5,0.1,0.1,0.1,0.1,0.9,0.9,0.633,0.633
0.718,0.26,0.1,0.1,0.1,0.1,0.1,0.1,0.1,0.1,0.1,0.1,0.1,0.1,0.1,0.1,0.1,0.1,0.1,0.1,0.1,0.1,0.1,0.1,0.1,0.1,0.1,0.1,0.1,0.1,0.1,0.5,0.5,0.443,0.5,0.367,0.5,0.1,0.5,0.367,0.3,0.3,0.1,0.1,0.1,0.1,0.1,0.1,0.1,0.9,0.5,0.1,0.1,0.1,0.1,0.9,0.9,0.633,0.633
0.697,0.26,0.1,0.1,0.1,0.1,0.1,0.1,0.1,0.1,0.1,0.1,0.1,0.1,0.1,0.1,0.1,0.1,0.1,0.1,0.1,0.1,0.1,0.1,0.1,0.1,0.1,0.1,0.1,0.1,0.1,0.5,0.5,0.329,0.1,0.367,0.9,0.1,0.5,0.367,0.5,0.3,0.1,0.1,0.1,0.1,0.1,0.1,0.1,0.3,0.1,0.1,0.1,0.1,0.1,0.1,0.1,0.1,0.1
0.757,0.58,0.233,0.1,0.1,0.1,0.5,0.1,0.5,0.9,0.1,0.1,0.1,0.1,0.1,0.1,0.1,0.1,0.1,0.1,0.1,0.1,0.1,0.1,0.1,0.1,0.1,0.1,0.1,0.1,0.1,0.5,0.3,0.329,0.1,0.367,0.1,0.1,0.5,0.1,0.1,0.7,0.9,0.9,0.1,0.5,0.5,0.1,0.9,0.3,0.1,0.1,0.1,0.1,0.1,0.1,0.1,0.1,0.1
0.9,0.58,0.233,0.1,0.1,0.1,0.5,0.1,0.5,0.9,0.1,0.1,0.1,0.1,0.1,0.1,0.1,0.1,0.1,0.1,0.1,0.1,0.1,0.1,0.1,0.1,0.1,0.1,0.1,0.1,0.1,0.7,0.2,0.1,0.1,0.1,0.5,0.1,0.5,0.9,0.1,0.1,0.1,0.1,0.1,0.1,0.1,0.1,0.1,0.1,0.1,0.1,0.1,0.1,0.1,0.1,0.1,0.1,0.1
0.564,0.1,0.1,0.1,0.1,0.1,0.1,0.1,0.1,0.1,0.1,0.1,0.1,0.1,0.1,0.1,0.1,0.1,0.1,0.1,0.1,0.1,0.1,0.1,0.1,0.1,0.1,0.1,0.1,0.1,0.1,0.5,0.3,0.214,0.1,0.367,0.1,0.1,0.5,0.1,0.1,0.1,0.1,0.1,0.1,0.1,0.1,0.1,0.1,0.1,0.1,0.1,0.1,0.1,0.1,0.1,0.1,0.1,0.1
0.772,0.58,0.233,0.1,0.1,0.1,0.5,0.1,0.5,0.9,0.1,0.1,0.1,0.1,0.1,0.1,0.1,0.1,0.1,0.1,0.1,0.1,0.1,0.1,0.1,0.1,0.1,0.1,0.1,0.1,0.1,0.5,0.6,0.443,0.5,0.9,0.5,0.1,0.5,0.367,0.3,0.3,0.1,0.1,0.1,0.1,0.1,0.1,0.1,0.9,0.5,0.1,0.1,0.1,0.1,0.9,0.9,0.633,0.633
0.801,0.58,0.233,0.1,0.1,0.1,0.5,0.1,0.5,0.9,0.1,0.1,0.1,0.1,0.1,0.1,0.1,0.1,0.1,0.1,0.1,0.1,0.1,0.1,0.1,0.1,0.1,0.1,0.1,0.1,0.1,0.5,0.7,0.557,0.9,0.9,0.5,0.1,0.5,0.367,0.3,0.9,0.42,0.1,0.1,0.5,0.9,0.633,0.9,0.3,0.3,0.1,0.1,0.1,0.1,0.1,0.5,0.1,0.1
0.701,0.58,0.233,0.1,0.1,0.1,0.5,0.1,0.5,0.9,0.1,0.1,0.1,0.1,0.1,0.1,0.1,0.1,0.1,0.1,0.1,0.1,0.1,0.1,0.1,0.1,0.1,0.1,0.1,0.1,0.1,0.5,0.3,0.329,0.1,0.367,0.1,0.1,0.5,0.1,0.1,0.3,0.1,0.1,0.1,0.1,0.1,0.1,0.1,0.9,0.5,0.1,0.1,0.1,0.1,0.9,0.9,0.633,0.633
0.726,0.26,0.1,0.1,0.1,0.1,0.1,0.1,0.1,0.1,0.1,0.1,0.1,0.1,0.1,0.1,0.1,0.1,0.1,0.1,0.1,0.1,0.1,0.1,0.1,0.1,0.1,0.1,0.1,0.1,0.1,0.5,0.4,0.443,0.1,0.633,0.5,0.1,0.5,0.367,0.1,0.3,0.1,0.1,0.1,0.1,0.1,0.1,0.1,0.5,0.7,0.9,0.9,0.9,0.9,0.1,0.5,0.367,0.367
0.591,0.26,0.633,0.367,0.1,0.367,0.1,0.1,0.5,0.1,0.9,0.1,0.1,0.1,0.1,0.1,0.1,0.1,0.1,0.1,0.1,0.1,0.1,0.1,0.1,0.1,0.1,0.1,0.1,0.1,0.1,0.1,0.1,0.1,0.1,0.1,0.1,0.1,0.1,0.1,0.1,0.1,0.1,0.1,0.1,0.1,0.1,0.1,0.1,0.1,0.1,0.1,0.1,0.1,0.1,0.1,0.1,0.1,0.1
0.861,0.42,0.633,0.633,0.1,0.367,0.5,0.1,0.5,0.367,0.1,0.26,0.1,0.1,0.1,0.1,0.1,0.1,0.1,0.1,0.1,0.3,0.1,0.1,0.1,0.1,0.1,0.1,0.1,0.1,0.1,0.3,0.1,0.1,0.1,0.1,0.1,0.1,0.1,0.1,0.1,0.1,0.1,0.1,0.1,0.1,0.1,0.1,0.1,0.1,0.1,0.1,0.1,0.1,0.1,0.1,0.1,0.1,0.1
0.765,0.26,0.1,0.1,0.1,0.1,0.1,0.1,0.1,0.1,0.1,0.1,0.1,0.1,0.1,0.1,0.1,0.1,0.1,0.1,0.1,0.1,0.1,0.1,0.1,0.1,0.1,0.1,0.1,0.1,0.1,0.3,0.3,0.329,0.1,0.1,0.1,0.1,0.5,0.1,0.1,0.3,0.1,0.1,0.1,0.1,0.1,0.1,0.1,0.3,0.1,0.1,0.1,0.1,0.1,0.1,0.1,0.1,0.1
0.792,0.58,0.233,0.1,0.1,0.1,0.5,0.1,0.5,0.9,0.1,0.1,0.1,0.1,0.1,0.1,0.1,0.1,0.1,0.1,0.1,0.1,0.1,0.1,0.1,0.1,0.1,0.1,0.1,0.1,0.1,0.5,0.3,0.329,0.1,0.367,0.1,0.1,0.5,0.1,0.1,0.7,0.9,0.5,0.1,0.5,0.5,0.1,0.9,0.3,0.1,0.1,0.1,0.1,0.1,0.1,0.1,0.1,0.1
0.558,0.26,0.1,0.1,0.1,0.1,0.1,0.1,0.1,0.1,0.1,0.1,0.1,0.1,0.1,0.1,0.1,0.1,0.1,0.1,0.1,0.1,0.1,0.1,0.1,0.1,0.1,0.1,0.1,0.1,0.1,0.5,0.7,0.329,0.5,0.367,0.5,0.1,0.5,0.367,0.7,0.9,0.42,0.1,0.1,0.5,0.9,0.633,0.9,0.3,0.1,0.1,0.1,0.1,0.1,0.1,0.1,0.1,0.1
0.606,0.1,0.1,0.1,0.1,0.1,0.1,0.1,0.1,0.1,0.1,0.1,0.1,0.1,0.1,0.1,0.1,0.1,0.1,0.1,0.1,0.1,0.1,0.1,0.1,0.1,0.1,0.1,0.1,0.1,0.1,0.5,0.6,0.214,0.1,0.633,0.5,0.1,0.1,0.367,0.5,0.1,0.1,0.1,0.1,0.1,0.1,0.1,0.1,0.1,0.1,0.1,0.1,0.1,0.1,0.1,0.1,0.1,0.1
0.718,0.58,0.233,0.1,0.1,0.1,0.5,0.1,0.5,0.9,0.1,0.1,0.1,0.1,0.1,0.1,0.1,0.1,0.1,0.1,0.1,0.1,0.1,0.1,0.1,0.1,0.1,0.1,0.1,0.1,0.1,0.7,0.6,0.557,0.5,0.633,0.1,0.5,0.5,0.1,0.3,0.3,0.1,0.1,0.1,0.1,0.1,0.1,0.1,0.9,0.5,0.1,0.1,0.1,0.1,0.9,0.9,0.633,0.633
0.718,0.42,0.5,0.5,0.1,0.633,0.5,0.1,0.5,0.367,0.1,0.42,0.9,0.9,0.9,0.9,0.9,0.1,0.5,0.367,0.5,0.3,0.1,0.1,0.1,0.1,0.1,0.1,0.1,0.1,0.1,0.3,0.1,0.1,0.1,0.1,0.1,0.1,0.1,0.1,0.1,0.1,0.1,0.1,0.1,0.1,0.1,0.1,0.1,0.1,0.1,0.1,0.1,0.1,0.1,0.1,0.1,0.1,0.1
0.801,0.26,0.1,0.1,0.1,0.1,0.1,0.1,0.1,0.1,0.1,0.1,0.1,0.1,0.1,0.1,0.1,0.1,0.1,0.1,0.1,0.1,0.1,0.1,0.1,0.1,0.1,0.1,0.1,0.1,0.1,0.5,0.4,0.214,0.5,0.367,0.5,0.1,0.5,0.367,0.3,0.9,0.42,0.1,0.1,0.5,0.9,0.633,0.9,0.3,0.1,0.1,0.1,0.1,0.1,0.1,0.1,0.1,0.1
0.645,0.26,0.1,0.1,0.1,0.1,0.1,0.1,0.1,0.1,0.1,0.1,0.1,0.1,0.1,0.1,0.1,0.1,0.1,0.1,0.1,0.1,0.1,0.1,0.1,0.1,0.1,0.1,0.1,0.1,0.1,0.5,0.7,0.557,0.1,0.367,0.1,0.1,0.5,0.1,0.5,0.3,0.1,0.1,0.1,0.1,0.1,0.1,0.1,0.3,0.1,0.1,0.1,0.1,0.1,0.1,0.1,0.1,0.1
0.195,0.1,0.1,0.1,0.1,0.1,0.1,0.1,0.1,0.1,0.1,0.1,0.1,0.1,0.1,0.1,0.1,0.1,0.1,0.1,0.1,0.1,0.1,0.1,0.1,0.1,0.1,0.1,0.1,0.1,0.1,0.9,0.2,0.1,0.1,0.367,0.1,0.9,0.9,0.1,0.1,0.1,0.1,0.1,0.1,0.1,0.1,0.1,0.1,0.1,0.1,0.1,0.1,0.1,0.1,0.1,0.1,0.1,0.1
0.695,0.42,0.5,0.633,0.1,0.633,0.5,0.1,0.5,0.367,0.1,0.26,0.1,0.1,0.1,0.1,0.1,0.1,0.1,0.1,0.1,0.5,0.9,0.9,0.9,0.9,0.9,0.1,0.5,0.367,0.5,0.3,0.1,0.1,0.1,0.1,0.1,0.1,0.1,0.1,0.1,0.1,0.1,0.1,0.1,0.1,0.1,0.1,0.1,0.1,0.1,0.1,0.1,0.1,0.1,0.1,0.1,0.1,0.1
0.533,0.1,0.1,0.1,0.1,0.1,0.1,0.1,0.1,0.1,0.1,0.1,0.1,0.1,0.1,0.1,0.1,0.1,0.1,0.1,0.1,0.1,0.1,0.1,0.1,0.1,0.1,0.1,0.1,0.1,0.1,0.5,0.5,0.443,0.1,0.367,0.1,0.1,0.5,0.1,0.5,0.1,0.1,0.1,0.1,0.1,0.1,0.1,0.1,0.1,0.1,0.1,0.1,0.1,0.1,0.1,0.1,0.1,0.1
0.709,0.42,0.633,0.233,0.9,0.633,0.5,0.1,0.5,0.367,0.5,0.74,0.633,0.1,0.1,0.1,0.1,0.5,0.9,0.633,0.9,0.3,0.1,0.1,0.1,0.1,0.1,0.1,0.1,0.1,0.1,0.3,0.1,0.1,0.1,0.1,0.1,0.1,0.1,0.1,0.1,0.1,0.1,0.1,0.1,0.1,0.1,0.1,0.1,0.1,0.1,0.1,0.1,0.1,0.1,0.1,0.1,0.1,0.1
0.811,0.58,0.233,0.1,0.1,0.1,0.5,0.1,0.5,0.9,0.1,0.1,0.1,0.1,0.1,0.1,0.1,0.1,0.1,0.1,0.1,0.1,0.1,0.1,0.1,0.1,0.1,0.1,0.1,0.1,0.1,0.3,0.5,0.557,0.1,0.1,0.1,0.1,0.5,0.1,0.1,0.9,0.42,0.1,0.1,0.5,0.9,0.633,0.9,0.7,0.3,0.1,0.1,0.1,0.9,0.1,0.5,0.9,0.1
0.709,0.58,0.233,0.1,0.1,0.1,0.5,0.1,0.5,0.9,0.1,0.1,0.1,0.1,0.1,0.1,0.1,0.1,0.1,0.1,0.1,0.1,0.1,0.1,0.1,0.1,0.1,0.1,0.1,0.1,0.1,0.5,0.4,0.329,0.5,0.367,0.5,0.1,0.5,0.367,0.3,0.3,0.1,0.1,0.1,0.1,0.1,0.1,0.1,0.9,0.5,0.1,0.1,0.1,0.1,0.9,0.9,0.633,0.633
0.463,0.42,0.767,0.233,0.5,0.9,0.1,0.1,0.5,0.1,0.9,0.1,0.1,0.1,0.1,0.1,0.1,0.1,0.1,0.1,0.1,0.1,0.1,0.1,0.1,0.1,0.1,0.1,0.1,0.1,0.1,0.1,0.1,0.1,0.1,0.1,0.1,0.1,0.1,0.1,0.1,0.1,0.1,0.1,0.1,0.1,0.1,0.1,0.1,0.1,0.1,0.1,0.1,0.1,0.1,0.1,0.1,0.1,0.1
0.796,0.26,0.1,0.1,0.1,0.1,0.1,0.1,0.1,0.1,0.1,0.1,0.1,0.1,0.1,0.1,0.1,0.1,0.1,0.1,0.1,0.1,0.1,0.1,0.1,0.1,0.1,0.1,0.1,0.1,0.1,0.5,0.5,0.214,0.9,0.633,0.5,0.1,0.5,0.367,0.3,0.9,0.42,0.1,0.1,0.5,0.9,0.633,0.9,0.3,0.1,0.1,0.1,0.1,0.1,0.1,0.1,0.1,0.1
0.631,0.26,0.1,0.1,0.1,0.1,0.1,0.1,0.1,0.1,0.1,0.1,0.1,0.1,0.1,0.1,0.1,0.1,0.1,0.1,0.1,0.1,0.1,0.1,0.1,0.1,0.1,0.1,0.1,0.1,0.1,0.5,0.7,0.214,0.5,0.367,0.5,0.1,0.5,0.367,0.9,0.3,0.1,0.1,0.1,0.1,0.1,0.1,0.1,0.9,0.5,0.1,0.1,0.1,0.1,0.9,0.9,0.633,0.633
0.726,0.58,0.233,0.1,0.1,0.1,0.5,0.1,0.5,0.9,0.1,0.1,0.1,0.1,0.1,0.1,0.1,0.1,0.1,0.1,0.1,0.1,0.1,0.1,0.1,0.1,0.1,0.1,0.1,0.1,0.1,0.3,0.5,0.557,0.1,0.1,0.1,0.1,0.5,0.1,0.1,0.7,0.26,0.1,0.9,0.1,0.5,0.9,0.1,0.9,0.5,0.1,0.1,0.1,0.1,0.9,0.9,0.633,0.633
0.564,0.1,0.1,0.1,0.1,0.1,0.1,0.1,0.1,0.1,0.1,0.1,0.1,0.1,0.1,0.1,0.1,0.1,0.1,0.1,0.1,0.1,0.1,0.1,0.1,0.1,0.1,0.1,0.1,0.1,0.1,0.1,0.1,0.1,0.1,0.1,0.1,0.1,0.1,0.1,0.1,0.1,0.1,0.1,0.1,0.1,0.1,0.1,0.1,0.1,0.1,0.1,0.1,0.1,0.1,0.1,0.1,0.1,0.1
0.734,0.26,0.1,0.1,0.1,0.1,0.1,0.1,0.1,0.1,0.1,0.1,0.1,0.1,0.1,0.1,0.1,0.1,0.1,0.1,0.1,0.1,0.1,0.1,0.1,0.1,0.1,0.1,0.1,0.1,0.1,0.5,0.4,0.329,0.5,0.367,0.5,0.1,0.5,0.367,0.3,0.9,0.42,0.1,0.1,0.5,0.9,0.633,0.9,0.3,0.1,0.1,0.1,0.1,0.1,0.1,0.1,0.1,0.1
0.78,0.42,0.5,0.633,0.1,0.633,0.5,0.1,0.5,0.367,0.1,0.26,0.1,0.1,0.1,0.1,0.1,0.1,0.1,0.1,0.1,0.9,0.633,0.1,0.1,0.1,0.1,0.9,0.9,0.633,0.9,0.3,0.1,0.1,0.1,0.1,0.1,0.1,0.1,0.1,0.1,0.1,0.1,0.1,0.1,0.1,0.1,0.1,0.1,0.1,0.1,0.1,0.1,0.1,0.1,0.1,0.1,0.1,0.1
0.678,0.58,0.233,0.1,0.1,0.1,0.5,0.1,0.5,0.9,0.1,0.1,0.1,0.1,0.1,0.1,0.1,0.1,0.1,0.1,0.1,0.1,0.1,0.1,0.1,0.1,0.1,0.1,0.1,0.1,0.1,0.5,0.6,0.214,0.1,0.633,0.5,0.1,0.1,0.367,0.5,0.1,0.1,0.1,0.1,0.1,0.1,0.1,0.1,0.1,0.1,0.1,0.1,0.1,0.1,0.1,0.1,0.1,0.1
0.772,0.26,0.1,0.1,0.1,0.1,0.1,0.1,0.1,0.1,0.1,0.1,0.1,0.1,0.1,0.1,0.1,0.1,0.1,0.1,0.1,0.1,0.1,0.1,0.1,0.1,0.1,0.1,0.1,0.1,0.1,0.5,0.5,0.443,0.5,0.367,0.5,0.1,0.5,0.367,0.3,0.9,0.42,0.1,0.1,0.5,0.9,0.633,0.9,0.3,0.1,0.1,0.1,0.1,0.1,0.1,0.1,0.1,0.1
0.639,0.1,0.1,0.1,0.1,0.1,0.1,0.1,0.1,0.1,0.1,0.1,0.1,0.1,0.1,0.1,0.1,0.1,0.1,0.1,0.1,0.1,0.1,0.1,0.1,0.1,0.1,0.1,0.1,0.1,0.1,0.3,0.6,0.329,0.1,0.367,0.1,0.1,0.5,0.1,0.5,0.1,0.1,0.1,0.1,0.1,0.1,0.1,0.1,0.1,0.1,0.1,0.1,0.1,0.1,0.1,0.1,0.1,0.1
0.817,0.26,0.1,0.1,0.1,0.1,0.1,0.1,0.1,0.1,0.1,0.1,0.1,0.1,0.1,0.1,0.1,0.1,0.1,0.1,0.1,0.1,0.1,0.1,0.1,0.1,0.1,0.1,0.1,0.1,0.1,0.5,0.5,0.557,0.1,0.367,0.5,0.1,0.5,0.367,0.1,0.3,0.1,0.1,0.1,0.1,0.1,0.1,0.1,0.9,0.5,0.1,0.1,0.1,0.1,0.9,0.9,0.633,0.633
0.73,0.58,0.233,0.1,0.1,0.1,0.5,0.1,0.5,0.9,0.1,0.1,0.1,0.1,0.1,0.1,0.1,0.1,0.1,0.1,0.1,0.1,0.1,0.1,0.1,0.1,0.1,0.1,0.1,0.1,0.1,0.5,0.3,0.329,0.1,0.367,0.1,0.1,0.5,0.1,0.1,0.9,0.42,0.1,0.1,0.5,0.9,0.633,0.9,0.3,0.1,0.1,0.1,0.1,0.1,0.1,0.1,0.1,0.1
0.792,0.26,0.1,0.1,0.1,0.1,0.1,0.1,0.1,0.1,0.1,0.1,0.1,0.1,0.1,0.1,0.1,0.1,0.1,0.1,0.1,0.1,0.1,0.1,0.1,0.1,0.1,0.1,0.1,0.1,0.1,0.5,0.4,0.329,0.5,0.367,0.5,0.1,0.5,0.367,0.3,0.3,0.26,0.1,0.1,0.1,0.5,0.1,0.1,0.9,0.5,0.1,0.1,0.1,0.1,0.9,0.9,0.633,0.633
0.74,0.58,0.367,0.233,0.5,0.367,0.1,0.5,0.5,0.1,0.5,0.58,0.9,0.1,0.1,0.9,0.1,0.5,0.5,0.1,0.9,0.3,0.1,0.1,0.1,0.1,0.1,0.1,0.1,0.1,0.1,0.3,0.1,0.1,0.1,0.1,0.1,0.1,0.1,0.1,0.1,0.1,0.1,0.1,0.1,0.1,0.1,0.1,0.1,0.1,0.1,0.1,0.1,0.1,0.1,0.1,0.1,0.1,0.1
0.415,0.26,0.1,0.1,0.1,0.1,0.1,0.1,0.1,0.1,0.1,0.1,0.1,0.1,0.1,0.1,0.1,0.1,0.1,0.1,0.1,0.1,0.1,0.1,0.1,0.1,0.1,0.1,0.1,0.1,0.1,0.5,0.9,0.214,0.5,0.367,0.5,0.1,0.5,0.367,0.7,0.3,0.1,0.1,0.1,0.1,0.1,0.1,0.1,0.9,0.5,0.1,0.1,0.1,0.1,0.9,0.9,0.633,0.633
0.651,0.58,0.233,0.1,0.1,0.1,0.5,0.1,0.5,0.9,0.1,0.1,0.1,0.1,0.1,0.1,0.1,0.1,0.1,0.1,0.1,0.1,0.1,0.1,0.1,0.1,0.1,0.1,0.1,0.1,0.1,0.5,0.6,0.557,0.5,0.633,0.5,0.1,0.5,0.367,0.3,0.3,0.1,0.1,0.1,0.1,0.1,0.1,0.1,0.9,0.5,0.1,0.1,0.1,0.1,0.9,0.9,0.633,0.633
0.726,0.58,0.233,0.1,0.1,0.1,0.5,0.1,0.5,0.9,0.1,0.1,0.1,0.1,0.1,0.1,0.1,0.1,0.1,0.1,0.1,0.1,0.1,0.1,0.1,0.1,0.1,0.1,0.1,0.1,0.1,0.5,0.7,0.671,0.9,0.9,0.5,0.1,0.5,0.367,0.3,0.9,0.42,0.1,0.1,0.5,0.9,0.633,0.9,0.3,0.1,0.1,0.1,0.1,0.1,0.1,0.1,0.1,0.1
0.713,0.58,0.233,0.1,0.1,0.1,0.5,0.1,0.5,0.9,0.1,0.1,0.1,0.1,0.1,0.1,0.1,0.1,0.1,0.1,0.1,0.1,0.1,0.1,0.1,0.1,0.1,0.1,0.1,0.1,0.1,0.5,0.6,0.329,0.1,0.633,0.5,0.1,0.1,0.367,0.5,0.1,0.1,0.1,0.1,0.1,0.1,0.1,0.1,0.1,0.1,0.1,0.1,0.1,0.1,0.1,0.1,0.1,0.1
0.726,0.26,0.633,0.633,0.1,0.1,0.1,0.1,0.5,0.1,0.1,0.58,0.367,0.1,0.1,0.1,0.9,0.1,0.5,0.9,0.1,0.9,0.633,0.1,0.1,0.1,0.1,0.9,0.9,0.633,0.9,0.3,0.1,0.1,0.1,0.1,0.1,0.1,0.1,0.1,0.1,0.1,0.1,0.1,0.1,0.1,0.1,0.1,0.1,0.1,0.1,0.1,0.1,0.1,0.1,0.1,0.1,0.1,0.1
0.523,0.42,0.767,0.9,0.1,0.633,0.5,0.1,0.5,0.367,0.1,0.26,0.1,0.1,0.1,0.1,0.1,0.1,0.1,0.1,0.1,0.9,0.633,0.1,0.1,0.1,0.1,0.9,0.9,0.633,0.9,0.7,0.2,0.1,0.1,0.1,0.5,0.1,0.5,0.9,0.1,0.1,0.1,0.1,0.1,0.1,0.1,0.1,0.1,0.1,0.1,0.1,0.1,0.1,0.1,0.1,0.1,0.1,0.1
0.55,0.26,0.1,0.1,0.1,0.1,0.1,0.1,0.1,0.1,0.1,0.26,0.1,0.1,0.1,0.1,0.1,0.1,0.1,0.1,0.1,0.3,0.1,0.1,0.1,0.1,0.1,0.1,0.1,0.1,0.1,0.3,0.1,0.1,0.1,0.1,0.1,0.1,0.1,0.1,0.1,0.1,0.1,0.1,0.1,0.1,0.1,0.1,0.1,0.1,0.1,0.1,0.1,0.1,0.1,0.1,0.1,0.1,0.1
0.772,0.58,0.233,0.1,0.1,0.1,0.5,0.1,0.5,0.9,0.1,0.1,0.1,0.1,0.1,0.1,0.1,0.1,0.1,0.1,0.1,0.1,0.1,0.1,0.1,0.1,0.1,0.1,0.1,0.1,0.1,0.5,0.5,0.214,0.9,0.633,0.5,0.1,0.5,0.367,0.3,0.3,0.1,0.1,0.1,0.1,0.1,0.1,0.1,0.9,0.5,0.1,0.1,0.1,0.1,0.9,0.9,0.633,0.633
0.641,0.26,0.1,0.1,0.1,0.1,0.1,0.1,0.1,0.1,0.1,0.1,0.1,0.1,0.1,0.1,0.1,0.1,0.1,0.1,0.1,0.1,0.1,0.1,0.1,0.1,0.1,0.1,0.1,0.1,0.1,0.5,0.4,0.329,0.5,0.367,0.5,0.1,0.5,0.367,0.5,0.3,0.1,0.1,0.1,0.1,0.1,0.1,0.1,0.9,0.5,0.1,0.1,0.1,0.1,0.9,0.9,0.633,0.633
0.641,0.1,0.1,0.1,0.1,0.1,0.1,0.1,0.1,0.1,0.1,0.1,0.1,0.1,0.1,0.1,0.1,0.1,0.1,0.1,0.1,0.1,0.1,0.1,0.1,0.1,0.1,0.1,0.1,0.1,0.1,0.5,0.6,0.329,0.1,0.9,0.5,0.1,0.1,0.367,0.5,0.1,0.1,0.1,0.1,0.1,0.1,0.1,0.1,0.1,0.1,0.1,0.1,0.1,0.1,0.1,0.1,0.1,0.1
0.1,0.26,0.1,0.1,0.1,0.1,0.1,0.1,0.1,0.1,0.1,0.1,0.1,0.1,0.1,0.1,0.1,0.1,0.1,0.1,0.1,0.1,0.1,0.1,0.1,0.1,0.1,0.1,0.1,0.1,0.1,0.5,0.3,0.1,0.5,0.367,0.9,0.1,0.5,0.367,0.5,0.9,0.42,0.1,0.1,0.5,0.9,0.633,0.9,0.3,0.1,0.1,0.1,0.1,0.1,0.1,0.1,0.1,0.1
0.687,0.58,0.233,0.1,0.1,0.1,0.5,0.1,0.5,0.9,0.1,0.1,0.1,0.1,0.1,0.1,0.1,0.1,0.1,0.1,0.1,0.1,0.1,0.1,0.1,0.1,0.1,0.1,0.1,0.1,0.1,0.5,0.3,0.329,0.1,0.367,0.1,0.1,0.5,0.1,0.1,0.9,0.26,0.5,0.1,0.9,0.9,0.1,0.1,0.3,0.1,0.1,0.1,0.1,0.1,0.1,0.1,0.1,0.1
0.616,0.42,0.633,0.767,0.1,0.633,0.5,0.1,0.5,0.367,0.1,0.26,0.1,0.1,0.1,0.1,0.1,0.1,0.1,0.1,0.1,0.9,0.633,0.1,0.1,0.1,0.1,0.9,0.9,0.633,0.9,0.7,0.2,0.1,0.1,0.1,0.5,0.1,0.5,0.9,0.1,0.1,0.1,0.1,0.1,0.1,0.1,0.1,0.1,0.1,0.1,0.1,0.1,0.1,0.1,0.1,0.1,0.1,0.1
0.51,0.1,0.1,0.1,0.1,0.1,0.1,0.1,0.1,0.1,0.1,0.1,0.1,0.1,0.1,0.1,0.1,0.1,0.1,0.1,0.1,0.1,0.1,0.1,0.1,0.1,0.1,0.1,0.1,0.1,0.1,0.5,0.6,0.214,0.1,0.633,0.5,0.1,0.1,0.367,0.5,0.1,0.1,0.1,0.1,0.1,0.1,0.1,0.1,0.1,0.1,0.1,0.1,0.1,0.1,0.1,0.1,0.1,0.1
0.788,0.26,0.1,0.1,0.1,0.1,0.1,0.1,0.1,0.1,0.1,0.1,0.1,0.1,0.1,0.1,0.1,0.1,0.1,0.1,0.1,0.1,0.1,0.1,0.1,0.1,0.1,0.1,0.1,0.1,0.1,0.3,0.5,0.557,0.1,0.1,0.1,0.1,0.5,0.1,0.1,0.3,0.1,0.1,0.1,0.1,0.1,0.1,0.1,0.3,0.1,0.1,0.1,0.1,0.1,0.1,0.1,0.1,0.1
0.67,0.58,0.233,0.1,0.1,0.1,0.5,0.1,0.5,0.9,0.1,0.1,0.1,0.1,0.1,0.1,0.1,0.1,0.1,0.1,0.1,0.1,0.1,0.1,0.1,0.1,0.1,0.1,0.1,0.1,0.1,0.5,0.3,0.329,0.1,0.367,0.1,0.1,0.5,0.1,0.1,0.7,0.26,0.1,0.9,0.1,0.5,0.9,0.1,0.9,0.5,0.1,0.1,0.1,0.1,0.9,0.9,0.633,0.633
0.62,0.42,0.5,0.367,0.5,0.367,0.5,0.1,0.5,0.367,0.5,0.26,0.1,0.1,0.1,0.1,0.1,0.1,0.1,0.1,0.1,0.9,0.633,0.1,0.1,0.1,0.1,0.9,0.9,0.633,0.9,0.3,0.1,0.1,0.1,0.1,0.1,0.1,0.1,0.1,0.1,0.1,0.1,0.1,0.1,0.1,0.1,0.1,0.1,0.1,0.1,0.1,0.1,0.1,0.1,0.1,0.1,0.1,0.1
0.788,0.58,0.233,0.1,0.1,0.1,0.5,0.1,0.5,0.9,0.1,0.1,0.1,0.1,0.1,0.1,0.1,0.1,0.1,0.1,0.1,0.1,0.1,0.1,0.1,0.1,0.1,0.1,0.1,0.1,0.1,0.5,0.3,0.329,0.1,0.367,0.1,0.1,0.5,0.1,0.1,0.9,0.42,0.1,0.1,0.5,0.9,0.633,0.9,0.7,0.3,0.1,0.1,0.1,0.9,0.1,0.5,0.9,0.1
0.796,0.26,0.1,0.1,0.1,0.1,0.1,0.1,0.1,0.1,0.1,0.1,0.1,0.1,0.1,0.1,0.1,0.1,0.1,0.1,0.1,0.1,0.1,0.1,0.1,0.1,0.1,0.1,0.1,0.1,0.1,0.5,0.5,0.329,0.1,0.367,0.9,0.1,0.5,0.367,0.5,0.3,0.1,0.1,0.1,0.1,0.1,0.1,0.1,0.9,0.5,0.1,0.1,0.1,0.1,0.9,0.9,0.633,0.633
0.811,0.26,0.1,0.1,0.1,0.1,0.1,0.1,0.1,0.1,0.1,0.1,0.1,0.1,0.1,0.1,0.1,0.1,0.1,0.1,0.1,0.1,0.1,0.1,0.1,0.1,0.1,0.1,0.1,0.1,0.1,0.7,0.4,0.329,0.5,0.367,0.1,0.5,0.5,0.1,0.3,0.3,0.1,0.1,0.1,0.1,0.1,0.1,0.1,0.9,0.5,0.1,0.1,0.1,0.1,0.9,0.9,0.633,0.633
0.668,0.58,0.233,0.1,0.1,0.1,0.5,0.1,0.5,0.9,0.1,0.1,0.1,0.1,0.1,0.1,0.1,0.1,0.1,0.1,0.1,0.1,0.1,0.1,0.1,0.1,0.1,0.1,0.1,0.1,0.1,0.5,0.4,0.329,0.5,0.367,0.5,0.1,0.9,0.367,0.3,0.3,0.1,0.1,0.1,0.1,0.1,0.1,0.1,0.9,0.5,0.1,0.1,0.1,0.1,0.9,0.9,0.633,0.633
0.794,0.58,0.233,0.1,0.1,0.1,0.5,0.1,0.5,0.9,0.1,0.1,0.1,0.1,0.1,0.1,0.1,0.1,0.1,0.1,0.1,0.1,0.1,0.1,0.1,0.1,0.1,0.1,0.1,0.1,0.1,0.3,0.5,0.557,0.1,0.1,0.1,0.1,0.5,0.1,0.1,0.9,0.42,0.1,0.1,0.5,0.9,0.633,0.9,0.3,0.1,0.1,0.1,0.1,0.1,0.1,0.1,0.1,0.1
0.639,0.58,0.233,0.1,0.1,0.1,0.5,0.1,0.5,0.9,0.1,0.1,0.1,0.1,0.1,0.1,0.1,0.1,0.1,0.1,0.1,0.1,0.1,0.1,0.1,0.1,0.1,0.1,0.1,0.1,0.1,0.5,0.7,0.557,0.9,0.9,0.5,0.1,0.5,0.367,0.3,0.9,0.42,0.1,0.1,0.5,0.9,0.633,0.9,0.3,0.1,0.1,0.1,0.1,0.1,0.1,0.1,0.1,0.1
0.838,0.26,0.1,0.1,0.1,0.1,0.1,0.1,0.1,0.1,0.1,0.1,0.1,0.1,0.1,0.1,0.1,0.1,0.1,0.1,0.1,0.1,0.1,0.1,0.1,0.1,0.1,0.1,0.1,0.1,0.1,0.5,0.4,0.329,0.5,0.367,0.5,0.1,0.5,0.367,0.3,0.9,0.42,0.1,0.1,0.5,0.9,0.633,0.9,0.5,0.5,0.1,0.1,0.9,0.9,0.1,0.5,0.367,0.1
0.481,0.26,0.1,0.1,0.1,0.1,0.1,0.1,0.1,0.1,0.1,0.1,0.1,0.1,0.1,0.1,0.1,0.1,0.1,0.1,0.1,0.1,0.1,0.1,0.1,0.1,0.1,0.1,0.1,0.1,0.1,0.3,0.7,0.786,0.1,0.367,0.1,0.1,0.5,0.1,0.1,0.3,0.1,0.1,0.1,0.1,0.1,0.1,0.1,0.3,0.1,0.1,0.1,0.1,0.1,0.1,0.1,0.1,0.1
0.838,0.26,0.1,0.1,0.1,0.1,0.1,0.1,0.1,0.1,0.1,0.1,0.1,0.1,0.1,0.1,0.1,0.1,0.1,0.1,0.1,0.1,0.1,0.1,0.1,0.1,0.1,0.1,0.1,0.1,0.1,0.5,0.5,0.557,0.1,0.367,0.5,0.1,0.5,0.367,0.1,0.3,0.1,0.1,0.1,0.1,0.1,0.1,0.1,0.3,0.1,0.1,0.1,0.1,0.1,0.1,0.1,0.1,0.1
0.73,0.26,0.1,0.1,0.1,0.1,0.1,0.1,0.1,0.1,0.1,0.1,0.1,0.1,0.1,0.1,0.1,0.1,0.1,0.1,0.1,0.1,0.1,0.1,0.1,0.1,0.1,0.1,0.1,0.1,0.1,0.5,0.4,0.329,0.5,0.633,0.5,0.1,0.5,0.367,0.3,0.3,0.1,0.1,0.1,0.1,0.1,0.1,0.1,0.9,0.5,0.1,0.1,0.1,0.1,0.9,0.9,0.633,0.633
0.608,0.26,0.1,0.1,0.1,0.1,0.1,0.1,0.1,0.1,0.1,0.1,0.1,0.1,0.1,0.1,0.1,0.1,0.1,0.1,0.1,0.1,0.1,0.1,0.1,0.1,0.1,0.1,0.1,0.1,0.1,0.5,0.7,0.329,0.5,0.367,0.5,0.1,0.5,0.367,0.7,0.3,0.1,0.1,0.1,0.1,0.1,0.1,0.1,0.9,0.5,0.1,0.1,0.1,0.1,0.9,0.9,0.633,0.633
0.616,0.26,0.1,0.1,0.1,0.1,0.1,0.1,0.1,0.1,0.1,0.1,0.1,0.1,0.1,0.1,0.1,0.1,0.1,0.1,0.1,0.1,0.1,0.1,0.1,0.1,0.1,0.1,0.1,0.1,0.1,0.5,0.7,0.214,0.5,0.367,0.5,0.1,0.5,0.367,0.9,0.3,0.1,0.1,0.1,0.1,0.1,0.1,0.1,0.9,0.5,0.1,0.1,0.1,0.1,0.9,0.9,0.633,0.633
0.817,0.58,0.233,0.1,0.1,0.1,0.5,0.1,0.5,0.9,0.1,0.1,0.1,0.1,0.1,0.1,0.1,0.1,0.1,0.1,0.1,0.1,0.1,0.1,0.1,0.1,0.1,0.1,0.1,0.1,0.1,0.3,0.5,0.557,0.1,0.1,0.1,0.1,0.5,0.1,0.1,0.3,0.1,0.1,0.1,0.1,0.1,0.1,0.1,0.9,0.5,0.1,0.1,0.1,0.1,0.9,0.9,0.633,0.633
0.631,0.26,0.1,0.1,0.1,0.1,0.1,0.1,0.1,0.1,0.1,0.1,0.1,0.1,0.1,0.1,0.1,0.1,0.1,0.1,0.1,0.1,0.1,0.1,0.1,0.1,0.1,0.1,0.1,0.1,0.1,0.5,0.7,0.214,0.5,0.367,0.5,0.1,0.5,0.367,0.9,0.3,0.1,0.1,0.1,0.1,0.1,0.1,0.1,0.9,0.5,0.1,0.1,0.1,0.1,0.9,0.9,0.633,0.633
0.135,0.42,0.767,0.367,0.1,0.9,0.5,0.1,0.1,0.367,0.9,0.1,0.1,0.1,0.1,0.1,0.1,0.1,0.1,0.1,0.1,0.1,0.1,0.1,0.1,0.1,0.1,0.1,0.1,0.1,0.1,0.1,0.1,0.1,0.1,0.1,0.1,0.1,0.1,0.1,0.1,0.1,0.1,0.1,0.1,0.1,0.1,0.1,0.1,0.1,0.1,0.1,0.1,0.1,0.1,0.1,0.1,0.1,0.1
0.689,0.42,0.633,0.233,0.9,0.633,0.5,0.1,0.5,0.367,0.5,0.26,0.1,0.1,0.1,0.1,0.1,0.1,0.1,0.1,0.1,0.3,0.1,0.1,0.1,0.1,0.1,0.1,0.1,0.1,0.1,0.3,0.1,0.1,0.1,0.1,0.1,0.1,0.1,0.1,0.1,0.1,0.1,0.1,0.1,0.1,0.1,0.1,0.1,0.1,0.1,0.1,0.1,0.1,0.1,0.1,0.1,0.1,0.1
0.427,0.1,0.1,0.1,0.1,0.1,0.1,0.1,0.1,0.1,0.1,0.1,0.1,0.1,0.1,0.1,0.1,0.1,0.1,0.1,0.1,0.1,0.1,0.1,0.1,0.1,0.1,0.1,0.1,0.1,0.1,0.5,0.5,0.214,0.1,0.633,0.5,0.1,0.1,0.367,0.3,0.1,0.1,0.1,0.1,0.1,0.1,0.1,0.1,0.1,0.1,0.1,0.1,0.1,0.1,0.1,0.1,0.1,0.1
0.765,0.26,0.1,0.1,0.1,0.1,0.1,0.1,0.1,0.1,0.1,0.1,0.1,0.1,0.1,0.1,0.1,0.1,0.1,0.1,0.1,0.1,0.1,0.1,0.1,0.1,0.1,0.1,0.1,0.1,0.1,0.5,0.4,0.329,0.5,0.367,0.5,0.1,0.5,0.367,0.3,0.3,0.26,0.1,0.1,0.1,0.5,0.1,0.1,0.9,0.5,0.1,0.1,0.1,0.1,0.9,0.9,0.633,0.633
0.757,0.58,0.233,0.1,0.1,0.1,0.5,0.1,0.5,0.9,0.1,0.1,0.1,0.1,0.1,0.1,0.1,0.1,0.1,0.1,0.1,0.1,0.1,0.1,0.1,0.1,0.1,0.1,0.1,0.1,0.1,0.5,0.6,0.329,0.1,0.9,0.5,0.1,0.1,0.367,0.5,0.1,0.1,0.1,0.1,0.1,0.1,0.1,0.1,0.1,0.1,0.1,0.1,0.1,0.1,0.1,0.1,0.1,0.1
0.258,0.42,0.633,0.233,0.1,0.633,0.5,0.1,0.1,0.367,0.5,0.1,0.1,0.1,0.1,0.1,0.1,0.1,0.1,0.1,0.1,0.1,0.1,0.1,0.1,0.1,0.1,0.1,0.1,0.1,0.1,0.1,0.1,0.1,0.1,0.1,0.1,0.1,0.1,0.1,0.1,0.1,0.1,0.1,0.1,0.1,0.1,0.1,0.1,0.1,0.1,0.1,0.1,0.1,0.1,0.1,0.1,0.1,0.1
0.581,0.26,0.1,0.1,0.1,0.1,0.1,0.1,0.1,0.1,0.1,0.1,0.1,0.1,0.1,0.1,0.1,0.1,0.1,0.1,0.1,0.1,0.1,0.1,0.1,0.1,0.1,0.1,0.1,0.1,0.1,0.5,0.4,0.214,0.1,0.367,0.9,0.1,0.5,0.367,0.5,0.3,0.1,0.1,0.1,0.1,0.1,0.1,0.1,0.3,0.1,0.1,0.1,0.1,0.1,0.1,0.1,0.1,0.1
0.365,0.42,0.367,0.1,0.5,0.367,0.9,0.1,0.5,0.367,0.9,0.26,0.1,0.1,0.1,0.1,0.1,0.1,0.1,0.1,0.1,0.9,0.633,0.1,0.1,0.1,0.1,0.9,0.9,0.633,0.9,0.3,0.1,0.1,0.1,0.1,0.1,0.1,0.1,0.1,0.1,0.1,0.1,0.1,0.1,0.1,0.1,0.1,0.1,0.1,0.1,0.1,0.1,0.1,0.1,0.1,0.1,0.1,0.1
0.351,0.26,0.1,0.1,0.1,0.1,0.1,0.1,0.1,0.1,0.1,0.1,0.1,0.1,0.1,0.1,0.1,0.1,0.1,0.1,0.1,0.1,0.1,0.1,0.1,0.1,0.1,0.1,0.1,0.1,0.1,0.5,0.4,0.1,0.5,0.367,0.5,0.1,0.5,0.367,0.3,0.9,0.42,0.1,0.1,0.5,0.9,0.633,0.9,0.3,0.1,0.1,0.1,0.1,0.1,0.1,0.1,0.1,0.1
0.809,0.26,0.633,0.633,0.1,0.1,0.1,0.1,0.5,0.1,0.1,0.74,0.633,0.1,0.1,0.1,0.1,0.5,0.9,0.633,0.9,0.3,0.1,0.1,0.1,0.1,0.1,0.1,0.1,0.1,0.1,0.3,0.1,0.1,0.1,0.1,0.1,0.1,0.1,0.1,0.1,0.1,0.1,0.1,0.1,0.1,0.1,0.1,0.1,0.1,0.1,0.1,0.1,0.1,0.1,0.1,0.1,0.1,0.1
0.643,0.26,0.1,0.1,0.1,0.1,0.1,0.1,0.1,0.1,0.1,0.1,0.1,0.1,0.1,0.1,0.1,0.1,0.1,0.1,0.1,0.1,0.1,0.1,0.1,0.1,0.1,0.1,0.1,0.1,0.1,0.5,0.6,0.443,0.1,0.367,0.1,0.1,0.5,0.1,0.5,0.3,0.1,0.1,0.1,0.1,0.1,0.1,0.1,0.3,0.1,0.1,0.1,0.1,0.1,0.1,0.1,0.1,0.1
0.809,0.42,0.633,0.233,0.9,0.633,0.5,0.1,0.5,0.367,0.5,0.9,0.633,0.1,0.1,0.1,0.1,0.9,0.1,0.9,0.5,0.3,0.1,0.1,0.1,0.1,0.1,0.1,0.1,0.1,0.1,0.3,0.1,0.1,0.1,0.1,0.1,0.1,0.1,0.1,0.1,0.1,0.1,0.1,0.1,0.1,0.1,0.1,0.1,0.1,0.1,0.1,0.1,0.1,0.1,0.1,0.1,0.1,0.1
0.602,0.26,0.767,0.767,0.1,0.367,0.1,0.1,0.5,0.1,0.5,0.1,0.1,0.1,0.1,0.1,0.1,0.1,0.1,0.1,0.1,0.1,0.1,0.1,0.1,0.1,0.1,0.1,0.1,0.1,0.1,0.1,0.1,0.1,0.1,0.1,0.1,0.1,0.1,0.1,0.1,0.1,0.1,0.1,0.1,0.1,0.1,0.1,0.1,0.1,0.1,0.1,0.1,0.1,0.1,0.1,0.1,0.1,0.1
0.32,0.26,0.1,0.1,0.1,0.1,0.1,0.1,0.1,0.1,0.1,0.1,0.1,0.1,0.1,0.1,0.1,0.1,0.1,0.1,0.1,0.1,0.1,0.1,0.1,0.1,0.1,0.1,0.1,0.1,0.1,0.5,0.7,0.329,0.5,0.367,0.5,0.1,0.5,0.367,0.7,0.3,0.1,0.1,0.1,0.1,0.1,0.1,0.1,0.9,0.5,0.1,0.1,0.1,0.1,0.9,0.9,0.633,0.633
0.738,0.58,0.233,0.1,0.1,0.1,0.1,0.5,0.1,0.9,0.5,0.1,0.1,0.1,0.1,0.1,0.1,0.1,0.1,0.1,0.1,0.1,0.1,0.1,0.1,0.1,0.1,0.1,0.1,0.1,0.1,0.1,0.1,0.1,0.1,0.1,0.1,0.1,0.1,0.1,0.1,0.1,0.1,0.1,0.1,0.1,0.1,0.1,0.1,0.1,0.1,0.1,0.1,0.1,0.1,0.1,0.1,0.1,0.1
0.695,0.26,0.1,0.1,0.1,0.1,0.1,0.1,0.1,0.1,0.1,0.1,0.1,0.1,0.1,0.1,0.1,0.1,0.1,0.1,0.1,0.1,0.1,0.1,0.1,0.1,0.1,0.1,0.1,0.1,0.1,0.5,0.5,0.329,0.5,0.367,0.5,0.1,0.5,0.367,0.5,0.3,0.1,0.1,0.1,0.1,0.1,0.1,0.1,0.9,0.5,0.1,0.1,0.1,0.1,0.9,0.9,0.633,0.633
0.662,0.58,0.233,0.1,0.1,0.1,0.5,0.1,0.5,0.9,0.1,0.1,0.1,0.1,0.1,0.1,0.1,0.1,0.1,0.1,0.1,0.1,0.1,0.1,0.1,0.1,0.1,0.1,0.1,0.1,0.1,0.5,0.5,0.443,0.5,0.367,0.5,0.1,0.5,0.367,0.3,0.3,0.1,0.1,0.1,0.1,0.1,0.1,0.1,0.9,0.5,0.1,0.1,0.1,0.1,0.9,0.9,0.633,0.633
0.726,0.26,0.1,0.1,0.1,0.1,0.1,0.1,0.1,0.1,0.1,0.1,0.1,0.1,0.1,0.1,0.1,0.1,0.1,0.1,0.1,0.1,0.1,0.1,0.1,0.1,0.1,0.1,0.1,0.1,0.1,0.5,0.4,0.214,0.5,0.367,0.5,0.1,0.5,0.367,0.3,0.3,0.1,0.1,0.1,0.1,0.1,0.1,0.1,0.9,0.5,0.1,0.1,0.1,0.1,0.9,0.9,0.633,0.633
0.689,0.58,0.233,0.1,0.1,0.1,0.5,0.1,0.5,0.9,0.1,0.1,0.1,0.1,0.1,0.1,0.1,0.1,0.1,0.1,0.1,0.1,0.1,0.1,0.1,0.1,0.1,0.1,0.1,0.1,0.1,0.5,0.3,0.329,0.1,0.367,0.1,0.1,0.5,0.1,0.1,0.3,0.1,0.1,0.1,0.1,0.1,0.1,0.1,0.3,0.1,0.1,0.1,0.1,0.1,0.1,0.1,0.1,0.1
0.469,0.26,0.1,0.1,0.1,0.1,0.1,0.1,0.1,0.1,0.1,0.1,0.1,0.1,0.1,0.1,0.1,0.1,0.1,0.1,0.1,0.1,0.1,0.1,0.1,0.1,0.1,0.1,0.1,0.1,0.1,0.5,0.8,0.214,0.5,0.633,0.5,0.1,0.5,0.367,0.9,0.3,0.1,0.1,0.1,0.1,0.1,0.1,0.1,0.9,0.5,0.1,0.1,0.1,0.1,0.9,0.9,0.633,0.633
0.595,0.58,0.233,0.1,0.1,0.1,0.5,0.1,0.5,0.9,0.1,0.1,0.1,0.1,0.1,0.1,0.1,0.1,0.1,0.1,0.1,0.1,0.1,0.1,0.1,0.1,0.1,0.1,0.1,0.1,0.1,0.5,0.4,0.557,0.1,0.633,0.5,0.1,0.5,0.367,0.1,0.3,0.1,0.1,0.1,0.1,0.1,0.1,0.1,0.9,0.5,0.1,0.1,0.1,0.1,0.9,0.9,0.633,0.633
0.616,0.58,0.233,0.1,0.1,0.1,0.5,0.1,0.5,0.9,0.1,0.1,0.1,0.1,0.1,0.1,0.1,0.1,0.1,0.1,0.1,0.1,0.1,0.1,0.1,0.1,0.1,0.1,0.1,0.1,0.1,0.5,0.6,0.557,0.5,0.633,0.5,0.1,0.5,0.367,0.3,0.9,0.42,0.1,0.1,0.5,0.9,0.633,0.9,0.3,0.1,0.1,0.1,0.1,0.1,0.1,0.1,0.1,0.1
0.817,0.58,0.233,0.1,0.1,0.1,0.5,0.1,0.5,0.9,0.1,0.1,0.1,0.1,0.1,0.1,0.1,0.1,0.1,0.1,0.1,0.1,0.1,0.1,0.1,0.1,0.1,0.1,0.1,0.1,0.1,0.5,0.3,0.329,0.1,0.367,0.1,0.1,0.5,0.1,0.1,0.7,0.74,0.5,0.1,0.5,0.5,0.1,0.9,0.3,0.1,0.1,0.1,0.1,0.1,0.1,0.1,0.1,0.1
0.417,0.58,0.367,0.233,0.1,0.367,0.1,0.5,0.5,0.1,0.5,0.1,0.1,0.1,0.1,0.1,0.1,0.1,0.1,0.1,0.1,0.1,0.1,0.1,0.1,0.1,0.1,0.1,0.1,0.1,0.1,0.1,0.1,0.1,0.1,0.1,0.1,0.1,0.1,0.1,0.1,0.1,0.1,0.1,0.1,0.1,0.1,0.1,0.1,0.1,0.1,0.1,0.1,0.1,0.1,0.1,0.1,0.1,0.1
0.772,0.58,0.233,0.1,0.1,0.1,0.5,0.1,0.5,0.9,0.1,0.1,0.1,0.1,0.1,0.1,0.1,0.1,0.1,0.1,0.1,0.1,0.1,0.1,0.1,0.1,0.1,0.1,0.1,0.1,0.1,0.3,0.5,0.557,0.1,0.1,0.1,0.1,0.5,0.1,0.1,0.3,0.1,0.1,0.1,0.1,0.1,0.1,0.1,0.3,0.1,0.1,0.1,0.1,0.1,0.1,0.1,0.1,0.1
0.678,0.58,0.233,0.1,0.1,0.1,0.5,0.1,0.5,0.9,0.1,0.1,0.1,0.1,0.1,0.1,0.1,0.1,0.1,0.1,0.1,0.1,0.1,0.1,0.1,0.1,0.1,0.1,0.1,0.1,0.1,0.5,0.5,0.329,0.1,0.633,0.9,0.1,0.5,0.367,0.5,0.3,0.1,0.1,0.1,0.1,0.1,0.1,0.1,0.9,0.5,0.1,0.1,0.1,0.1,0.9,0.9,0.633,0.633
0.73,0.58,0.233,0.1,0.1,0.1,0.5,0.1,0.5,0.9,0.1,0.1,0.1,0.1,0.1,0.1,0.1,0.1,0.1,0.1,0.1,0.1,0.1,0.1,0.1,0.1,0.1,0.1,0.1,0.1,0.1,0.5,0.3,0.329,0.1,0.367,0.1,0.1,0.5,0.1,0.1,0.7,0.58,0.5,0.1,0.5,0.5,0.1,0.9,0.3,0.1,0.1,0.1,0.1,0.1,0.1,0.1,0.1,0.1
0.73,0.58,0.233,0.1,0.1,0.1,0.5,0.1,0.5,0.9,0.1,0.1,0.1,0.1,0.1,0.1,0.1,0.1,0.1,0.1,0.1,0.1,0.1,0.1,0.1,0.1,0.1,0.1,0.1,0.1,0.1,0.5,0.4,0.329,0.5,0.633,0.5,0.1,0.5,0.367,0.3,0.9,0.42,0.1,0.1,0.5,0.9,0.633,0.9,0.3,0.1,0.1,0.1,0.1,0.1,0.1,0.1,0.1,0.1
0.612,0.58,0.233,0.1,0.1,0.1,0.5,0.1,0.5,0.9,0.1,0.1,0.1,0.1,0.1,0.1,0.1,0.1,0.1,0.1,0.1,0.1,0.1,0.1,0.1,0.1,0.1,0.1,0.1,0.1,0.1,0.5,0.6,0.557,0.5,0.633,0.5,0.1,0.5,0.367,0.3,0.3,0.1,0.1,0.1,0.1,0.1,0.1,0.1,0.9,0.5,0.1,0.1,0.1,0.1,0.9,0.9,0.633,0.633
0.757,0.58,0.233,0.1,0.1,0.1,0.5,0.1,0.5,0.9,0.1,0.1,0.1,0.1,0.1,0.1,0.1,0.1,0.1,0.1,0.1,0.1,0.1,0.1,0.1,0.1,0.1,0.1,0.1,0.1,0.1,0.3,0.3,0.329,0.1,0.1,0.1,0.1,0.5,0.1,0.1,0.7,0.26,0.1,0.9,0.1,0.5,0.9,0.1,0.9,0.5,0.1,0.1,0.1,0.1,0.9,0.9,0.633,0.633
0.336,0.26,0.367,0.367,0.1,0.1,0.1,0.1,0.5,0.1,0.1,0.26,0.1,0.1,0.1,0.1,0.1,0.1,0.1,0.1,0.1,0.9,0.633,0.1,0.1,0.1,0.1,0.9,0.9,0.633,0.9,0.7,0.2,0.1,0.1,0.1,0.5,0.1,0.5,0.9,0.1,0.1,0.1,0.1,0.1,0.1,0.1,0.1,0.1,0.1,0.1,0.1,0.1,0.1,0.1,0.1,0.1,0.1,0.1
0.817,0.58,0.233,0.1,0.1,0.1,0.5,0.1,0.9,0.633,0.1,0.1,0.1,0.1,0.1,0.1,0.1,0.1,0.1,0.1,0.1,0.1,0.1,0.1,0.1,0.1,0.1,0.1,0.1,0.1,0.1,0.5,0.4,0.329,0.5,0.633,0.5,0.1,0.5,0.367,0.3,0.3,0.1,0.1,0.1,0.1,0.1,0.1,0.1,0.9,0.5,0.1,0.1,0.1,0.1,0.9,0.9,0.633,0.633
0.788,0.26,0.1,0.1,0.1,0.1,0.1,0.1,0.1,0.1,0.1,0.1,0.1,0.1,0.1,0.1,0.1,0.1,0.1,0.1,0.1,0.1,0.1,0.1,0.1,0.1,0.1,0.1,0.1,0.1,0.1,0.5,0.4,0.329,0.5,0.633,0.5,0.1,0.5,0.367,0.3,0.9,0.42,0.1,0.1,0.5,0.9,0.633,0.9,0.3,0.1,0.1,0.1,0.1,0.1,0.1,0.1,0.1,0.1
0.672,0.58,0.233,0.1,0.1,0.1,0.5,0.1,0.5,0.9,0.1,0.1,0.1,0.1,0.1,0.1,0.1,0.1,0.1,0.1,0.1,0.1,0.1,0.1,0.1,0.1,0.1,0.1,0.1,0.1,0.1,0.5,0.4,0.443,0.1,0.633,0.5,0.1,0.5,0.367,0.1,0.3,0.1,0.1,0.1,0.1,0.1,0.1,0.1,0.9,0.5,0.1,0.1,0.1,0.1,0.9,0.9,0.633,0.633
0.523,0.1,0.1,0.1,0.1,0.1,0.1,0.1,0.1,0.1,0.1,0.1,0.1,0.1,0.1,0.1,0.1,0.1,0.1,0.1,0.1,0.1,0.1,0.1,0.1,0.1,0.1,0.1,0.1,0.1,0.1,0.5,0.6,0.329,0.1,0.633,0.5,0.1,0.1,0.367,0.5,0.1,0.1,0.1,0.1,0.1,0.1,0.1,0.1,0.1,0.1,0.1,0.1,0.1,0.1,0.1,0.1,0.1,0.1
0.772,0.42,0.233,0.1,0.1,0.367,0.5,0.1,0.9,0.367,0.1,0.26,0.1,0.1,0.1,0.1,0.1,0.1,0.1,0.1,0.1,0.5,0.9,0.9,0.9,0.9,0.9,0.1,0.5,0.367,0.5,0.3,0.1,0.1,0.1,0.1,0.1,0.1,0.1,0.1,0.1,0.1,0.1,0.1,0.1,0.1,0.1,0.1,0.1,0.1,0.1,0.1,0.1,0.1,0.1,0.1,0.1,0.1,0.1
0.798,0.42,0.633,0.233,0.9,0.633,0.5,0.1,0.5,0.367,0.5,0.58,0.367,0.1,0.1,0.1,0.9,0.1,0.5,0.9,0.1,0.3,0.1,0.1,0.1,0.1,0.1,0.1,0.1,0.1,0.1,0.3,0.1,0.1,0.1,0.1,0.1,0.1,0.1,0.1,0.1,0.1,0.1,0.1,0.1,0.1,0.1,0.1,0.1,0.1,0.1,0.1,0.1,0.1,0.1,0.1,0.1,0.1,0.1
0.631,0.58,0.233,0.1,0.1,0.1,0.5,0.1,0.5,0.9,0.1,0.1,0.1,0.1,0.1,0.1,0.1,0.1,0.1,0.1,0.1,0.1,0.1,0.1,0.1,0.1,0.1,0.1,0.1,0.1,0.1,0.5,0.6,0.671,0.5,0.367,0.5,0.1,0.5,0.367,0.3,0.3,0.1,0.1,0.1,0.1,0.1,0.1,0.1,0.9,0.5,0.1,0.1,0.1,0.1,0.9,0.9,0.633,0.633
0.751,0.42,0.5,0.5,0.1,0.633,0.5,0.1,0.5,0.367,0.1,0.26,0.1,0.1,0.1,0.1,0.1,0.1,0.1,0.1,0.1,0.9,0.633,0.1,0.1,0.1,0.1,0.9,0.9,0.633,0.9,0.3,0.1,0.1,0.1,0.1,0.1,0.1,0.1,0.1,0.1,0.1,0.1,0.1,0.1,0.1,0.1,0.1,0.1,0.1,0.1,0.1,0.1,0.1,0.1,0.1,0.1,0.1,0.1
0.647,0.26,0.1,0.1,0.1,0.1,0.1,0.1,0.1,0.1,0.1,0.1,0.1,0.1,0.1,0.1,0.1,0.1,0.1,0.1,0.1,0.1,0.1,0.1,0.1,0.1,0.1,0.1,0.1,0.1,0.1,0.5,0.7,0.557,0.9,0.9,0.5,0.1,0.5,0.367,0.3,0.9,0.42,0.1,0.1,0.5,0.9,0.633,0.9,0.3,0.1,0.1,0.1,0.1,0.1,0.1,0.1,0.1,0.1
0.666,0.26,0.1,0.1,0.1,0.1,0.1,0.1,0.1,0.1,0.1,0.1,0.1,0.1,0.1,0.1,0.1,0.1,0.1,0.1,0.1,0.1,0.1,0.1,0.1,0.1,0.1,0.1,0.1,0.1,0.1,0.9,0.5,0.329,0.1,0.367,0.1,0.5,0.9,0.633,0.5,0.3,0.1,0.1,0.1,0.1,0.1,0.1,0.1,0.9,0.5,0.1,0.1,0.1,0.1,0.9,0.9,0.633,0.633
0.713,0.42,0.5,0.633,0.1,0.633,0.5,0.1,0.5,0.367,0.1,0.42,0.9,0.9,0.9,0.9,0.9,0.1,0.5,0.367,0.5,0.3,0.1,0.1,0.1,0.1,0.1,0.1,0.1,0.1,0.1,0.3,0.1,0.1,0.1,0.1,0.1,0.1,0.1,0.1,0.1,0.1,0.1,0.1,0.1,0.1,0.1,0.1,0.1,0.1,0.1,0.1,0.1,0.1,0.1,0.1,0.1,0.1,0.1
0.653,0.26,0.1,0.1,0.1,0.1,0.1,0.1,0.1,0.1,0.1,0.1,0.1,0.1,0.1,0.1,0.1,0.1,0.1,0.1,0.1,0.1,0.1,0.1,0.1,0.1,0.1,0.1,0.1,0.1,0.1,0.5,0.5,0.214,0.9,0.633,0.5,0.1,0.5,0.367,0.3,0.3,0.1,0.1,0.1,0.1,0.1,0.1,0.1,0.9,0.5,0.1,0.1,0.1,0.1,0.9,0.9,0.633,0.633
0.676,0.58,0.233,0.1,0.1,0.1,0.5,0.1,0.5,0.9,0.1,0.1,0.1,0.1,0.1,0.1,0.1,0.1,0.1,0.1,0.1,0.1,0.1,0.1,0.1,0.1,0.1,0.1,0.1,0.1,0.1,0.5,0.6,0.9,0.1,0.633,0.5,0.1,0.5,0.367,0.1,0.3,0.1,0.1,0.1,0.1,0.1,0.1,0.1,0.9,0.5,0.1,0.1,0.1,0.1,0.9,0.9,0.633,0.633
0.504,0.1,0.1,0.1,0.1,0.1,0.1,0.1,0.1,0.1,0.1,0.1,0.1,0.1,0.1,0.1,0.1,0.1,0.1,0.1,0.1,0.1,0.1,0.1,0.1,0.1,0.1,0.1,0.1,0.1,0.1,0.5,0.4,0.329,0.1,0.367,0.1,0.1,0.5,0.1,0.5,0.1,0.1,0.1,0.1,0.1,0.1,0.1,0.1,0.1,0.1,0.1,0.1,0.1,0.1,0.1,0.1,0.1,0.1
0.647,0.1,0.1,0.1,0.1,0.1,0.1,0.1,0.1,0.1,0.1,0.1,0.1,0.1,0.1,0.1,0.1,0.1,0.1,0.1,0.1,0.1,0.1,0.1,0.1,0.1,0.1,0.1,0.1,0.1,0.1,0.3,0.7,0.329,0.1,0.367,0.1,0.1,0.5,0.1,0.3,0.1,0.1,0.1,0.1,0.1,0.1,0.1,0.1,0.1,0.1,0.1,0.1,0.1,0.1,0.1,0.1,0.1,0.1
0.726,0.26,0.1,0.1,0.1,0.1,0.1,0.1,0.1,0.1,0.1,0.1,0.1,0.1,0.1,0.1,0.1,0.1,0.1,0.1,0.1,0.1,0.1,0.1,0.1,0.1,0.1,0.1,0.1,0.1,0.1,0.3,0.5,0.557,0.1,0.1,0.1,0.1,0.5,0.1,0.1,0.3,0.1,0.1,0.1,0.1,0.1,0.1,0.1,0.9,0.5,0.1,0.1,0.1,0.1,0.9,0.9,0.633,0.633
0.738,0.58,0.233,0.1,0.1,0.1,0.5,0.1,0.5,0.9,0.1,0.1,0.1,0.1,0.1,0.1,0.1,0.1,0.1,0.1,0.1,0.1,0.1,0.1,0.1,0.1,0.1,0.1,0.1,0.1,0.1,0.1,0.1,0.1,0.1,0.1,0.1,0.1,0.1,0.1,0.1,0.1,0.1,0.1,0.1,0.1,0.1,0.1,0.1,0.1,0.1,0.1,0.1,0.1,0.1,0.1,0.1,0.1,0.1
0.606,0.1,0.1,0.1,0.1,0.1,0.1,0.1,0.1,0.1,0.1,0.1,0.1,0.1,0.1,0.1,0.1,0.1,0.1,0.1,0.1,0.1,0.1,0.1,0.1,0.1,0.1,0.1,0.1,0.1,0.1,0.5,0.6,0.214,0.1,0.633,0.1,0.1,0.5,0.1,0.5,0.1,0.1,0.1,0.1,0.1,0.1,0.1,0.1,0.1,0.1,0.1,0.1,0.1,0.1,0.1,0.1,0.1,0.1
0.494,0.42,0.633,0.5,0.5,0.367,0.1,0.1,0.5,0.1,0.5,0.1,0.1,0.1,0.1,0.1,0.1,0.1,0.1,0.1,0.1,0.1,0.1,0.1,0.1,0.1,0.1,0.1,0.1,0.1,0.1,0.1,0.1,0.1,0.1,0.1,0.1,0.1,0.1,0.1,0.1,0.1,0.1,0.1,0.1,0.1,0.1,0.1,0.1,0.1,0.1,0.1,0.1,0.1,0.1,0.1,0.1,0.1,0.1
0.765,0.26,0.1,0.1,0.1,0.1,0.1,0.1,0.1,0.1,0.1,0.1,0.1,0.1,0.1,0.1,0.1,0.1,0.1,0.1,0.1,0.1,0.1,0.1,0.1,0.1,0.1,0.1,0.1,0.1,0.1,0.5,0.4,0.329,0.5,0.633,0.5,0.1,0.5,0.367,0.3,0.3,0.1,0.1,0.1,0.1,0.1,0.1,0.1,0.3,0.1,0.1,0.1,0.1,0.1,0.1,0.1,0.1,0.1
0.1,0.26,0.1,0.1,0.1,0.1,0.1,0.1,0.1,0.1,0.1,0.1,0.1,0.1,0.1,0.1,0.1,0.1,0.1,0.1,0.1,0.1,0.1,0.1,0.1,0.1,0.1,0.1,0.1,0.1,0.1,0.5,0.3,0.1,0.5,0.367,0.9,0.1,0.5,0.367,0.5,0.3,0.1,0.1,0.1,0.1,0.1,0.1,0.1,0.9,0.5,0.1,0.1,0.1,0.1,0.9,0.9,0.633,0.633
0.467,0.1,0.1,0.1,0.1,0.1,0.1,0.1,0.1,0.1,0.1,0.1,0.1,0.1,0.1,0.1,0.1,0.1,0.1,0.1,0.1,0.1,0.1,0.1,0.1,0.1,0.1,0.1,0.1,0.1,0.1,0.7,0.3,0.214,0.1,0.367,0.1,0.5,0.5,0.1,0.3,0.1,0.1,0.1,0.1,0.1,0.1,0.1,0.1,0.1,0.1,0.1,0.1,0.1,0.1,0.1,0.1,0.1,0.1
0.409,0.42,0.367,0.1,0.1,0.367,0.5,0.1,0.5,0.367,0.1,0.1,0.1,0.1,0.1,0.1,0.1,0.1,0.1,0.1,0.1,0.1,0.1,0.1,0.1,0.1,0.1,0.1,0.1,0.1,0.1,0.1,0.1,0.1,0.1,0.1,0.1,0.1,0.1,0.1,0.1,0.1,0.1,0.1,0.1,0.1,0.1,0.1,0.1,0.1,0.1,0.1,0.1,0.1,0.1,0.1,0.1,0.1,0.1
0.765,0.58,0.233,0.1,0.1,0.1,0.5,0.1,0.5,0.9,0.1,0.1,0.1,0.1,0.1,0.1,0.1,0.1,0.1,0.1,0.1,0.1,0.1,0.1,0.1,0.1,0.1,0.1,0.1,0.1,0.1,0.5,0.5,0.329,0.1,0.633,0.9,0.1,0.5,0.367,0.5,0.3,0.1,0.1,0.1,0.1,0.1,0.1,0.1,0.3,0.1,0.1,0.1,0.1,0.1,0.1,0.1,0.1,0.1
0.676,0.26,0.1,0.1,0.1,0.1,0.1,0.1,0.1,0.1,0.1,0.1,0.1,0.1,0.1,0.1,0.1,0.1,0.1,0.1,0.1,0.1,0.1,0.1,0.1,0.1,0.1,0.1,0.1,0.1,0.1,0.5,0.4,0.329,0.5,0.367,0.5,0.1,0.5,0.367,0.3,0.5,0.42,0.5,0.9,0.1,0.5,0.367,0.1,0.9,0.5,0.1,0.1,0.1,0.1,0.9,0.9,0.633,0.633
0.705,0.26,0.1,0.1,0.1,0.1,0.1,0.1,0.1,0.1,0.1,0.1,0.1,0.1,0.1,0.1,0.1,0.1,0.1,0.1,0.1,0.1,0.1,0.1,0.1,0.1,0.1,0.1,0.1,0.1,0.1,0.5,0.4,0.329,0.5,0.367,0.5,0.1,0.5,0.367,0.3,0.3,0.1,0.1,0.1,0.1,0.1,0.1,0.1,0.9,0.5,0.1,0.1,0.1,0.1,0.9,0.9,0.633,0.633
0.55,0.42,0.5,0.367,0.5,0.633,0.5,0.1,0.5,0.367,0.5,0.26,0.1,0.1,0.1,0.1,0.1,0.1,0.1,0.1,0.1,0.3,0.1,0.1,0.1,0.1,0.1,0.1,0.1,0.1,0.1,0.3,0.1,0.1,0.1,0.1,0.1,0.1,0.1,0.1,0.1,0.1,0.1,0.1,0.1,0.1,0.1,0.1,0.1,0.1,0.1,0.1,0.1,0.1,0.1,0.1,0.1,0.1,0.1
0.713,0.26,0.1,0.1,0.1,0.1,0.1,0.1,0.1,0.1,0.1,0.1,0.1,0.1,0.1,0.1,0.1,0.1,0.1,0.1,0.1,0.1,0.1,0.1,0.1,0.1,0.1,0.1,0.1,0.1,0.1,0.9,0.5,0.329,0.1,0.367,0.1,0.5,0.9,0.633,0.5,0.9,0.42,0.1,0.1,0.5,0.9,0.633,0.9,0.3,0.1,0.1,0.1,0.1,0.1,0.1,0.1,0.1,0.1
0.689,0.26,0.1,0.1,0.1,0.1,0.1,0.1,0.1,0.1,0.1,0.1,0.1,0.1,0.1,0.1,0.1,0.1,0.1,0.1,0.1,0.1,0.1,0.1,0.1,0.1,0.1,0.1,0.1,0.1,0.1,0.5,0.4,0.329,0.5,0.367,0.5,0.1,0.9,0.367,0.3,0.3,0.1,0.1,0.1,0.1,0.1,0.1,0.1,0.9,0.5,0.1,0.1,0.1,0.1,0.9,0.9,0.633,0.633
0.608,0.58,0.233,0.1,0.1,0.1,0.5,0.1,0.5,0.9,0.1,0.1,0.1,0.1,0.1,0.1,0.1,0.1,0.1,0.1,0.1,0.1,0.1,0.1,0.1,0.1,0.1,0.1,0.1,0.1,0.1,0.5,0.5,0.329,0.5,0.633,0.5,0.1,0.5,0.367,0.5,0.3,0.1,0.1,0.1,0.1,0.1,0.1,0.1,0.9,0.5,0.1,0.1,0.1,0.1,0.9,0.9,0.633,0.633
0.687,0.42,0.5,0.633,0.1,0.633,0.5,0.1,0.5,0.367,0.1,0.26,0.1,0.1,0.1,0.1,0.1,0.1,0.1,0.1,0.1,0.9,0.633,0.1,0.1,0.1,0.1,0.9,0.9,0.633,0.9,0.7,0.2,0.1,0.1,0.1,0.5,0.1,0.5,0.9,0.1,0.1,0.1,0.1,0.1,0.1,0.1,0.1,0.1,0.1,0.1,0.1,0.1,0.1,0.1,0.1,0.1,0.1,0.1
0.61,0.58,0.233,0.1,0.1,0.1,0.5,0.1,0.5,0.9,0.1,0.1,0.1,0.1,0.1,0.1,0.1,0.1,0.1,0.1,0.1,0.1,0.1,0.1,0.1,0.1,0.1,0.1,0.1,0.1,0.1,0.5,0.5,0.786,0.1,0.9,0.5,0.1,0.5,0.367,0.1,0.3,0.1,0.1,0.1,0.1,0.1,0.1,0.1,0.9,0.5,0.1,0.1,0.1,0.1,0.9,0.9,0.633,0.633
0.564,0.42,0.367,0.367,0.1,0.367,0.1,0.1,0.5,0.1,0.1,0.42,0.9,0.9,0.9,0.9,0.9,0.1,0.5,0.367,0.5,0.3,0.1,0.1,0.1,0.1,0.1,0.1,0.1,0.1,0.1,0.3,0.1,0.1,0.1,0.1,0.1,0.1,0.1,0.1,0.1,0.1,0.1,0.1,0.1,0.1,0.1,0.1,0.1,0.1,0.1,0.1,0.1,0.1,0.1,0.1,0.1,0.1,0.1
0.666,0.26,0.1,0.1,0.1,0.1,0.1,0.1,0.1,0.1,0.1,0.1,0.1,0.1,0.1,0.1,0.1,0.1,0.1,0.1,0.1,0.1,0.1,0.1,0.1,0.1,0.1,0.1,0.1,0.1,0.1,0.3,0.3,0.329,0.1,0.1,0.1,0.1,0.5,0.1,0.1,0.3,0.1,0.1,0.1,0.1,0.1,0.1,0.1,0.9,0.5,0.1,0.1,0.1,0.1,0.9,0.9,0.633,0.633
0.73,0.26,0.1,0.1,0.1,0.1,0.1,0.1,0.1,0.1,0.1,0.1,0.1,0.1,0.1,0.1,0.1,0.1,0.1,0.1,0.1,0.1,0.1,0.1,0.1,0.1,0.1,0.1,0.1,0.1,0.1,0.5,0.5,0.214,0.9,0.633,0.5,0.1,0.5,0.367,0.3,0.3,0.26,0.1,0.1,0.1,0.5,0.1,0.1,0.9,0.5,0.1,0.1,0.1,0.1,0.9,0.9,0.633,0.633
0.788,0.26,0.233,0.1,0.1,0.1,0.1,0.1,0.5,0.1,0.1,0.26,0.1,0.1,0.1,0.1,0.1,0.1,0.1,0.1,0.1,0.3,0.1,0.1,0.1,0.1,0.1,0.1,0.1,0.1,0.1,0.3,0.1,0.1,0.1,0.1,0.1,0.1,0.1,0.1,0.1,0.1,0.1,0.1,0.1,0.1,0.1,0.1,0.1,0.1,0.1,0.1,0.1,0.1,0.1,0.1,0.1,0.1,0.1
0.206,0.26,0.1,0.1,0.1,0.1,0.1,0.1,0.1,0.1,0.1,0.1,0.1,0.1,0.1,0.1,0.1,0.1,0.1,0.1,0.1,0.1,0.1,0.1,0.1,0.1,0.1,0.1,0.1,0.1,0.1,0.5,0.4,0.1,0.5,0.367,0.5,0.1,0.5,0.367,0.3,0.3,0.1,0.1,0.1,0.1,0.1,0.1,0.1,0.9,0.5,0.1,0.1,0.1,0.1,0.9,0.9,0.633,0.633
0.682,0.42,0.633,0.767,0.1,0.633,0.5,0.1,0.5,0.367,0.1,0.26,0.1,0.1,0.1,0.1,0.1,0.1,0.1,0.1,0.1,0.9,0.633,0.1,0.1,0.1,0.1,0.9,0.9,0.633,0.9,0.3,0.1,0.1,0.1,0.1,0.1,0.1,0.1,0.1,0.1,0.1,0.1,0.1,0.1,0.1,0.1,0.1,0.1,0.1,0.1,0.1,0.1,0.1,0.1,0.1,0.1,0.1,0.1
0.523,0.42,0.767,0.367,0.1,0.367,0.1,0.1,0.5,0.1,0.9,0.26,0.1,0.1,0.1,0.1,0.1,0.1,0.1,0.1,0.1,0.3,0.1,0.1,0.1,0.1,0.1,0.1,0.1,0.1,0.1,0.3,0.1,0.1,0.1,0.1,0.1,0.1,0.1,0.1,0.1,0.1,0.1,0.1,0.1,0.1,0.1,0.1,0.1,0.1,0.1,0.1,0.1,0.1,0.1,0.1,0.1,0.1,0.1
0.699,0.58,0.233,0.1,0.1,0.1,0.5,0.1,0.5,0.9,0.1,0.1,0.1,0.1,0.1,0.1,0.1,0.1,0.1,0.1,0.1,0.1,0.1,0.1,0.1,0.1,0.1,0.1,0.1,0.1,0.1,0.5,0.5,0.671,0.1,0.633,0.5,0.1,0.5,0.367,0.1,0.3,0.1,0.1,0.1,0.1,0.1,0.1,0.1,0.9,0.5,0.1,0.1,0.1,0.1,0.9,0.9,0.633,0.633
0.653,0.1,0.1,0.1,0.1,0.1,0.1,0.1,0.1,0.1,0.1,0.1,0.1,0.1,0.1,0.1,0.1,0.1,0.1,0.1,0.1,0.1,0.1,0.1,0.1,0.1,0.1,0.1,0.1,0.1,0.1,0.5,0.6,0.443,0.1,0.367,0.1,0.1,0.5,0.1,0.5,0.1,0.1,0.1,0.1,0.1,0.1,0.1,0.1,0.1,0.1,0.1,0.1,0.1,0.1,0.1,0.1,0.1,0.1
0.699,0.58,0.233,0.1,0.1,0.1,0.5,0.1,0.5,0.9,0.1,0.1,0.1,0.1,0.1,0.1,0.1,0.1,0.1,0.1,0.1,0.1,0.1,0.1,0.1,0.1,0.1,0.1,0.1,0.1,0.1,0.5,0.6,0.786,0.1,0.633,0.5,0.1,0.5,0.367,0.1,0.3,0.1,0.1,0.1,0.1,0.1,0.1,0.1,0.9,0.5,0.1,0.1,0.1,0.1,0.9,0.9,0.633,0.633
0.722,0.58,0.233,0.1,0.1,0.1,0.5,0.1,0.5,0.9,0.1,0.1,0.1,0.1,0.1,0.1,0.1,0.1,0.1,0.1,0.1,0.1,0.1,0.1,0.1,0.1,0.1,0.1,0.1,0.1,0.1,0.5,0.7,0.557,0.9,0.9,0.5,0.1,0.5,0.367,0.3,0.3,0.1,0.1,0.1,0.1,0.1,0.1,0.1,0.9,0.5,0.1,0.1,0.1,0.1,0.9,0.9,0.633,0.633
0.809,0.26,0.633,0.633,0.1,0.1,0.1,0.1,0.5,0.1,0.1,0.26,0.1,0.1,0.1,0.1,0.1,0.1,0.1,0.1,0.1,0.9,0.633,0.1,0.1,0.1,0.1,0.9,0.9,0.633,0.9,0.3,0.1,0.1,0.1,0.1,0.1,0.1,0.1,0.1,0.1,0.1,0.1,0.1,0.1,0.1,0.1,0.1,0.1,0.1,0.1,0.1,0.1,0.1,0.1,0.1,0.1,0.1,0.1
0.827,0.42,0.633,0.233,0.9,0.633,0.5,0.1,0.5,0.367,0.5,0.74,0.367,0.1,0.1,0.9,0.1,0.9,0.9,0.1,0.1,0.3,0.1,0.1,0.1,0.1,0.1,0.1,0.1,0.1,0.1,0.3,0.1,0.1,0.1,0.1,0.1,0.1,0.1,0.1,0.1,0.1,0.1,0.1,0.1,0.1,0.1,0.1,0.1,0.1,0.1,0.1,0.1,0.1,0.1,0.1,0.1,0.1,0.1
0.651,0.42,0.5,0.233,0.5,0.367,0.5,0.1,0.5,0.367,0.5,0.26,0.1,0.1,0.1,0.1,0.1,0.1,0.1,0.1,0.1,0.9,0.633,0.1,0.1,0.1,0.1,0.9,0.9,0.633,0.9,0.3,0.1,0.1,0.1,0.1,0.1,0.1,0.1,0.1,0.1,0.1,0.1,0.1,0.1,0.1,0.1,0.1,0.1,0.1,0.1,0.1,0.1,0.1,0.1,0.1,0.1,0.1,0.1
0.747,0.58,0.233,0.1,0.1,0.1,0.5,0.1,0.5,0.9,0.1,0.1,0.1,0.1,0.1,0.1,0.1,0.1,0.1,0.1,0.1,0.1,0.1,0.1,0.1,0.1,0.1,0.1,0.1,0.1,0.1,0.5,0.5,0.214,0.9,0.633,0.5,0.1,0.5,0.367,0.3,0.3,0.26,0.1,0.1,0.1,0.5,0.1,0.1,0.9,0.5,0.1,0.1,0.1,0.1,0.9,0.9,0.633,0.633
0.827,0.26,0.367,0.367,0.1,0.1,0.1,0.1,0.5,0.1,0.1,0.26,0.1,0.1,0.1,0.1,0.1,0.1,0.1,0.1,0.1,0.3,0.1,0.1,0.1,0.1,0.1,0.1,0.1,0.1,0.1,0.3,0.1,0.1,0.1,0.1,0.1,0.1,0.1,0.1,0.1,0.1,0.1,0.1,0.1,0.1,0.1,0.1,0.1,0.1,0.1,0.1,0.1,0.1,0.1,0.1,0.1,0.1,0.1
0.757,0.58,0.233,0.1,0.1,0.1,0.5,0.1,0.5,0.9,0.1,0.1,0.1,0.1,0.1,0.1,0.1,0.1,0.1,0.1,0.1,0.1,0.1,0.1,0.1,0.1,0.1,0.1,0.1,0.1,0.1,0.5,0.3,0.329,0.1,0.367,0.1,0.1,0.5,0.1,0.1,0.7,0.74,0.5,0.1,0.5,0.5,0.1,0.9,0.3,0.1,0.1,0.1,0.1,0.1,0.1,0.1,0.1,0.1
0.515,0.42,0.9,0.233,0.1,0.633,0.5,0.1,0.1,0.367,0.5,0.1,0.1,0.1,0.1,0.1,0.1,0.1,0.1,0.1,0.1,0.1,0.1,0.1,0.1,0.1,0.1,0.1,0.1,0.1,0.1,0.1,0.1,0.1,0.1,0.1,0.1,0.1,0.1,0.1,0.1,0.1,0.1,0.1,0.1,0.1,0.1,0.1,0.1,0.1,0.1,0.1,0.1,0.1,0.1,0.1,0.1,0.1,0.1
0.842,0.26,0.367,0.367,0.1,0.1,0.1,0.1,0.5,0.1,0.1,0.26,0.1,0.1,0.1,0.1,0.1,0.1,0.1,0.1,0.1,0.5,0.9,0.9,0.9,0.9,0.9,0.1,0.5,0.367,0.5,0.3,0.1,0.1,0.1,0.1,0.1,0.1,0.1,0.1,0.1,0.1,0.1,0.1,0.1,0.1,0.1,0.1,0.1,0.1,0.1,0.1,0.1,0.1,0.1,0.1,0.1,0.1,0.1
0.772,0.1,0.1,0.1,0.1,0.1,0.1,0.1,0.1,0.1,0.1,0.1,0.1,0.1,0.1,0.1,0.1,0.1,0.1,0.1,0.1,0.1,0.1,0.1,0.1,0.1,0.1,0.1,0.1,0.1,0.1,0.3,0.4,0.443,0.1,0.367,0.1,0.1,0.5,0.1,0.3,0.1,0.1,0.1,0.1,0.1,0.1,0.1,0.1,0.1,0.1,0.1,0.1,0.1,0.1,0.1,0.1,0.1,0.1
0.844,0.58,0.233,0.1,0.1,0.1,0.5,0.1,0.5,0.9,0.1,0.1,0.1,0.1,0.1,0.1,0.1,0.1,0.1,0.1,0.1,0.1,0.1,0.1,0.1,0.1,0.1,0.1,0.1,0.1,0.1,0.3,0.3,0.329,0.1,0.1,0.1,0.1,0.5,0.1,0.1,0.9,0.42,0.1,0.1,0.5,0.9,0.633,0.9,0.7,0.3,0.1,0.1,0.1,0.9,0.1,0.5,0.9,0.1
0.409,0.26,0.1,0.1,0.1,0.1,0.1,0.1,0.1,0.1,0.1,0.1,0.1,0.1,0.1,0.1,0.1,0.1,0.1,0.1,0.1,0.1,0.1,0.1,0.1,0.1,0.1,0.1,0.1,0.1,0.1,0.5,0.5,0.329,0.1,0.633,0.9,0.1,0.5,0.367,0.5,0.3,0.1,0.1,0.1,0.1,0.1,0.1,0.1,0.3,0.1,0.1,0.1,0.1,0.1,0.1,0.1,0.1,0.1
0.533,0.26,0.633,0.633,0.1,0.1,0.1,0.1,0.5,0.1,0.1,0.26,0.1,0.1,0.1,0.1,0.1,0.1,0.1,0.1,0.1,0.9,0.633,0.1,0.1,0.1,0.1,0.9,0.9,0.633,0.9,0.7,0.2,0.1,0.1,0.1,0.5,0.1,0.5,0.9,0.1,0.1,0.1,0.1,0.1,0.1,0.1,0.1,0.1,0.1,0.1,0.1,0.1,0.1,0.1,0.1,0.1,0.1,0.1
0.67,0.58,0.233,0.1,0.1,0.1,0.5,0.1,0.5,0.9,0.1,0.1,0.1,0.1,0.1,0.1,0.1,0.1,0.1,0.1,0.1,0.1,0.1,0.1,0.1,0.1,0.1,0.1,0.1,0.1,0.1,0.5,0.4,0.329,0.5,0.633,0.5,0.1,0.5,0.367,0.3,0.3,0.1,0.1,0.1,0.1,0.1,0.1,0.1,0.9,0.5,0.1,0.1,0.1,0.1,0.9,0.9,0.633,0.633
0.396,0.42,0.767,0.5,0.5,0.633,0.1,0.1,0.5,0.1,0.9,0.1,0.1,0.1,0.1,0.1,0.1,0.1,0.1,0.1,0.1,0.1,0.1,0.1,0.1,0.1,0.1,0.1,0.1,0.1,0.1,0.1,0.1,0.1,0.1,0.1,0.1,0.1,0.1,0.1,0.1,0.1,0.1,0.1,0.1,0.1,0.1,0.1,0.1,0.1,0.1,0.1,0.1,0.1,0.1,0.1,0.1,0.1,0.1
0.637,0.74,0.367,0.1,0.1,0.1,0.1,0.5,0.9,0.633,0.9,0.1,0.1,0.1,0.1,0.1,0.1,0.1,0.1,0.1,0.1,0.1,0.1,0.1,0.1,0.1,0.1,0.1,0.1,0.1,0.1,0.1,0.1,0.1,0.1,0.1,0.1,0.1,0.1,0.1,0.1,0.1,0.1,0.1,0.1,0.1,0.1,0.1,0.1,0.1,0.1,0.1,0.1,0.1,0.1,0.1,0.1,0.1,0.1
0.718,0.58,0.233,0.1,0.1,0.1,0.5,0.1,0.5,0.9,0.1,0.1,0.1,0.1,0.1,0.1,0.1,0.1,0.1,0.1,0.1,0.1,0.1,0.1,0.1,0.1,0.1,0.1,0.1,0.1,0.1,0.5,0.4,0.329,0.5,0.367,0.5,0.1,0.9,0.367,0.3,0.9,0.42,0.1,0.1,0.5,0.9,0.633,0.9,0.3,0.1,0.1,0.1,0.1,0.1,0.1,0.1,0.1,0.1
0.757,0.58,0.233,0.1,0.1,0.1,0.5,0.1,0.5,0.9,0.1,0.1,0.1,0.1,0.1,0.1,0.1,0.1,0.1,0.1,0.1,0.1,0.1,0.1,0.1,0.1,0.1,0.1,0.1,0.1,0.1,0.3,0.3,0.329,0.1,0.1,0.1,0.1,0.5,0.1,0.1,0.3,0.1,0.1,0.1,0.1,0.1,0.1,0.1,0.9,0.5,0.1,0.1,0.1,0.1,0.9,0.9,0.633,0.633
0.104,0.26,0.1,0.1,0.1,0.1,0.1,0.1,0.1,0.1,0.1,0.1,0.1,0.1,0.1,0.1,0.1,0.1,0.1,0.1,0.1,0.1,0.1,0.1,0.1,0.1,0.1,0.1,0.1,0.1,0.1,0.3,0.1,0.1,0.1,0.1,0.1,0.1,0.1,0.1,0.1,0.3,0.1,0.1,0.1,0.1,0.1,0.1,0.1,0.3,0.1,0.1,0.1,0.1,0.1,0.1,0.1,0.1,0.1
0.45,0.26,0.9,0.9,0.1,0.367,0.1,0.1,0.5,0.1,0.1,0.26,0.1,0.1,0.1,0.1,0.1,0.1,0.1,0.1,0.1,0.3,0.1,0.1,0.1,0.1,0.1,0.1,0.1,0.1,0.1,0.3,0.1,0.1,0.1,0.1,0.1,0.1,0.1,0.1,0.1,0.1,0.1,0.1,0.1,0.1,0.1,0.1,0.1,0.1,0.1,0.1,0.1,0.1,0.1,0.1,0.1,0.1,0.1
0.614,0.58,0.233,0.1,0.1,0.1,0.5,0.1,0.5,0.9,0.1,0.1,0.1,0.1,0.1,0.1,0.1,0.1,0.1,0.1,0.1,0.1,0.1,0.1,0.1,0.1,0.1,0.1,0.1,0.1,0.1,0.5,0.5,0.214,0.1,0.633,0.5,0.1,0.1,0.367,0.3,0.1,0.1,0.1,0.1,0.1,0.1,0.1,0.1,0.1,0.1,0.1,0.1,0.1,0.1,0.1,0.1,0.1,0.1
0.595,0.9,0.367,0.1,0.1,0.1,0.1,0.9,0.1,0.9,0.5,0.1,0.1,0.1,0.1,0.1,0.1,0.1,0.1,0.1,0.1,0.1,0.1,0.1,0.1,0.1,0.1,0.1,0.1,0.1,0.1,0.1,0.1,0.1,0.1,0.1,0.1,0.1,0.1,0.1,0.1,0.1,0.1,0.1,0.1,0.1,0.1,0.1,0.1,0.1,0.1,0.1,0.1,0.1,0.1,0.1,0.1,0.1,0.1
0.606,0.26,0.1,0.1,0.1,0.1,0.1,0.1,0.1,0.1,0.1,0.1,0.1,0.1,0.1,0.1,0.1,0.1,0.1,0.1,0.1,0.1,0.1,0.1,0.1,0.1,0.1,0.1,0.1,0.1,0.1,0.3,0.5,0.786,0.1,0.1,0.1,0.1,0.5,0.1,0.1,0.3,0.1,0.1,0.1,0.1,0.1,0.1,0.1,0.9,0.5,0.1,0.1,0.1,0.1,0.9,0.9,0.633,0.633
0.867,0.26,0.633,0.633,0.1,0.1,0.1,0.1,0.5,0.1,0.1,0.26,0.1,0.1,0.1,0.1,0.1,0.1,0.1,0.1,0.1,0.5,0.9,0.9,0.9,0.9,0.9,0.1,0.5,0.367,0.5,0.3,0.1,0.1,0.1,0.1,0.1,0.1,0.1,0.1,0.1,0.1,0.1,0.1,0.1,0.1,0.1,0.1,0.1,0.1,0.1,0.1,0.1,0.1,0.1,0.1,0.1,0.1,0.1
0.798,0.26,0.1,0.1,0.1,0.1,0.1,0.1,0.1,0.1,0.1,0.1,0.1,0.1,0.1,0.1,0.1,0.1,0.1,0.1,0.1,0.1,0.1,0.1,0.1,0.1,0.1,0.1,0.1,0.1,0.1,0.3,0.2,0.1,0.1,0.1,0.1,0.1,0.5,0.1,0.1,0.3,0.1,0.1,0.1,0.1,0.1,0.1,0.1,0.3,0.1,0.1,0.1,0.1,0.1,0.1,0.1,0.1,0.1
0.564,0.42,0.5,0.367,0.5,0.633,0.5,0.1,0.5,0.367,0.5,0.26,0.1,0.1,0.1,0.1,0.1,0.1,0.1,0.1,0.1,0.9,0.633,0.1,0.1,0.1,0.1,0.9,0.9,0.633,0.9,0.3,0.1,0.1,0.1,0.1,0.1,0.1,0.1,0.1,0.1,0.1,0.1,0.1,0.1,0.1,0.1,0.1,0.1,0.1,0.1,0.1,0.1,0.1,0.1,0.1,0.1,0.1,0.1
0.396,0.42,0.5,0.233,0.5,0.367,0.5,0.1,0.5,0.367,0.5,0.1,0.1,0.1,0.1,0.1,0.1,0.1,0.1,0.1,0.1,0.1,0.1,0.1,0.1,0.1,0.1,0.1,0.1,0.1,0.1,0.3,0.5,0.557,0.1,0.367,0.1,0.1,0.5,0.1,0.1,0.3,0.1,0.1,0.1,0.1,0.1,0.1,0.1,0.3,0.1,0.1,0.1,0.1,0.1,0.1,0.1,0.1,0.1
0.45,0.58,0.233,0.1,0.1,0.1,0.5,0.1,0.5,0.9,0.1,0.1,0.1,0.1,0.1,0.1,0.1,0.1,0.1,0.1,0.1,0.1,0.1,0.1,0.1,0.1,0.1,0.1,0.1,0.1,0.1,0.5,0.7,0.329,0.1,0.367,0.5,0.1,0.5,0.367,0.3,0.3,0.1,0.1,0.1,0.1,0.1,0.1,0.1,0.9,0.5,0.1,0.1,0.1,0.1,0.9,0.9,0.633,0.633
0.751,0.58,0.233,0.1,0.1,0.1,0.5,0.1,0.5,0.9,0.1,0.1,0.1,0.1,0.1,0.1,0.1,0.1,0.1,0.1,0.1,0.1,0.1,0.1,0.1,0.1,0.1,0.1,0.1,0.1,0.1,0.5,0.6,0.443,0.5,0.9,0.5,0.1,0.5,0.367,0.3,0.3,0.26,0.1,0.1,0.1,0.5,0.1,0.1,0.9,0.5,0.1,0.1,0.1,0.1,0.9,0.9,0.633,0.633
0.498,0.42,0.367,0.1,0.5,0.367,0.9,0.1,0.5,0.367,0.9,0.74,0.633,0.1,0.1,0.1,0.1,0.5,0.9,0.633,0.9,0.3,0.1,0.1,0.1,0.1,0.1,0.1,0.1,0.1,0.1,0.3,0.1,0.1,0.1,0.1,0.1,0.1,0.1,0.1,0.1,0.1,0.1,0.1,0.1,0.1,0.1,0.1,0.1,0.1,0.1,0.1,0.1,0.1,0.1,0.1,0.1,0.1,0.1
0.423,0.26,0.1,0.1,0.1,0.1,0.1,0.1,0.1,0.1,0.1,0.1,0.1,0.1,0.1,0.1,0.1,0.1,0.1,0.1,0.1,0.1,0.1,0.1,0.1,0.1,0.1,0.1,0.1,0.1,0.1,0.5,0.9,0.214,0.5,0.367,0.5,0.1,0.5,0.367,0.3,0.3,0.1,0.1,0.1,0.1,0.1,0.1,0.1,0.9,0.5,0.1,0.1,0.1,0.1,0.9,0.9,0.633,0.633
0.792,0.42,0.633,0.233,0.9,0.633,0.5,0.1,0.5,0.367,0.5,0.42,0.633,0.1,0.1,0.9,0.9,0.1,0.5,0.367,0.1,0.3,0.1,0.1,0.1,0.1,0.1,0.1,0.1,0.1,0.1,0.3,0.1,0.1,0.1,0.1,0.1,0.1,0.1,0.1,0.1,0.1,0.1,0.1,0.1,0.1,0.1,0.1,0.1,0.1,0.1,0.1,0.1,0.1,0.1,0.1,0.1,0.1,0.1
0.641,0.58,0.233,0.1,0.1,0.1,0.5,0.1,0.5,0.9,0.1,0.1,0.1,0.1,0.1,0.1,0.1,0.1,0.1,0.1,0.1,0.1,0.1,0.1,0.1,0.1,0.1,0.1,0.1,0.1,0.1,0.5,0.6,0.214,0.1,0.633,0.5,0.1,0.1,0.367,0.5,0.1,0.1,0.1,0.1,0.1,0.1,0.1,0.1,0.1,0.1,0.1,0.1,0.1,0.1,0.1,0.1,0.1,0.1
0.637,0.42,0.5,0.5,0.1,0.633,0.5,0.1,0.5,0.367,0.1,0.26,0.1,0.1,0.1,0.1,0.1,0.1,0.1,0.1,0.1,0.9,0.633,0.1,0.1,0.1,0.1,0.9,0.9,0.633,0.9,0.7,0.2,0.1,0.1,0.1,0.5,0.1,0.5,0.9,0.1,0.1,0.1,0.1,0.1,0.1,0.1,0.1,0.1,0.1,0.1,0.1,0.1,0.1,0.1,0.1,0.1,0.1,0.1
0.815,0.42,0.5,0.5,0.1,0.633,0.5,0.1,0.5,0.367,0.1,0.26,0.1,0.1,0.1,0.1,0.1,0.1,0.1,0.1,0.1,0.5,0.9,0.9,0.9,0.9,0.9,0.1,0.5,0.367,0.5,0.3,0.1,0.1,0.1,0.1,0.1,0.1,0.1,0.1,0.1,0.1,0.1,0.1,0.1,0.1,0.1,0.1,0.1,0.1,0.1,0.1,0.1,0.1,0.1,0.1,0.1,0.1,0.1
0.68,0.58,0.233,0.1,0.1,0.1,0.5,0.1,0.5,0.9,0.1,0.1,0.1,0.1,0.1,0.1,0.1,0.1,0.1,0.1,0.1,0.1,0.1,0.1,0.1,0.1,0.1,0.1,0.1,0.1,0.1,0.5,0.3,0.329,0.1,0.367,0.1,0.1,0.5,0.1,0.1,0.3,0.1,0.1,0.1,0.1,0.1,0.1,0.1,0.9,0.9,0.1,0.1,0.9,0.1,0.9,0.9,0.633,0.9
0.873,0.26,0.633,0.633,0.1,0.1,0.1,0.1,0.5,0.1,0.1,0.42,0.9,0.9,0.9,0.9,0.9,0.1,0.5,0.367,0.5,0.3,0.1,0.1,0.1,0.1,0.1,0.1,0.1,0.1,0.1,0.3,0.1,0.1,0.1,0.1,0.1,0.1,0.1,0.1,0.1,0.1,0.1,0.1,0.1,0.1,0.1,0.1,0.1,0.1,0.1,0.1,0.1,0.1,0.1,0.1,0.1,0.1,0.1
0.861,0.26,0.633,0.633,0.1,0.1,0.1,0.1,0.5,0.1,0.1,0.26,0.1,0.1,0.1,0.1,0.1,0.1,0.1,0.1,0.1,0.3,0.1,0.1,0.1,0.1,0.1,0.1,0.1,0.1,0.1,0.3,0.1,0.1,0.1,0.1,0.1,0.1,0.1,0.1,0.1,0.1,0.1,0.1,0.1,0.1,0.1,0.1,0.1,0.1,0.1,0.1,0.1,0.1,0.1,0.1,0.1,0.1,0.1
0.747,0.26,0.1,0.1,0.1,0.1,0.1,0.1,0.1,0.1,0.1,0.1,0.1,0.1,0.1,0.1,0.1,0.1,0.1,0.1,0.1,0.1,0.1,0.1,0.1,0.1,0.1,0.1,0.1,0.1,0.1,0.5,0.4,0.443,0.1,0.633,0.5,0.1,0.5,0.367,0.1,0.3,0.1,0.1,0.1,0.1,0.1,0.1,0.1,0.9,0.5,0.1,0.1,0.1,0.1,0.9,0.9,0.633,0.633
0.865,0.26,0.633,0.633,0.1,0.1,0.1,0.1,0.5,0.1,0.1,0.74,0.633,0.1,0.1,0.1,0.1,0.5,0.9,0.633,0.9,0.7,0.367,0.1,0.1,0.1,0.9,0.1,0.5,0.9,0.1,0.3,0.1,0.1,0.1,0.1,0.1,0.1,0.1,0.1,0.1,0.1,0.1,0.1,0.1,0.1,0.1,0.1,0.1,0.1,0.1,0.1,0.1,0.1,0.1,0.1,0.1,0.1,0.1
